date;parc;usage;revenu;service;operateur
31/01/2013;20848669;;79352825;Global;RD Congo
28/02/2013;20847964;;73006994;Global;RD Congo
31/03/2013;21307773;;78931994;Global;RD Congo
30/04/2013;21696607;;76783225;Global;RD Congo
31/05/2013;21885502;;81048076;Global;RD Congo
30/06/2013;22168537;;81879043;Global;RD Congo
31/07/2013;26129383;;91600341;Global;RD Congo
31/08/2013;27270902;;89873494;Global;RD Congo
30/09/2013;27895373;;87368961;Global;RD Congo
31/10/2013;28744739;;89453040;Global;RD Congo
30/11/2013;29167673;;84886458;Global;RD Congo
31/12/2013;29778949;;93019474;Global;RD Congo
31/01/2014;28949863;;86154399;Global;RD Congo
28/02/2014;29036564;;74481400;Global;RD Congo
31/03/2014;29811686;;81677451;Global;RD Congo
30/04/2014;30424476;;78733575;Global;RD Congo
31/05/2014;31251645;;81900430;Global;RD Congo
30/06/2014;32199696;;80202279;Global;RD Congo
31/07/2014;32936959;;87237269;Global;RD Congo
31/08/2014;33589445;;87306858;Global;RD Congo
30/09/2014;34377947;;83972749;Global;RD Congo
31/10/2014;35274618;;82749552;Global;RD Congo
30/11/2014;36099715;;79064387;Global;RD Congo
31/12/2014;37102958;;83552480;Global;RD Congo
31/01/2015;37299017;;81122963;Global;RD Congo
28/02/2015;36568748;;75163557;Global;RD Congo
31/03/2015;35514769;;88345236;Global;RD Congo
30/04/2015;34866846;;86486128;Global;RD Congo
31/05/2015;36851674;;92585676;Global;RD Congo
30/06/2015;37374103;;92640686;Global;RD Congo
31/07/2015;38035444;;100803816;Global;RD Congo
31/08/2015;38876059;;99754238;Global;RD Congo
30/09/2015;39746740;;97396692;Global;RD Congo
31/10/2015;39076347;;91833526;Global;RD Congo
30/11/2015;37794788;;86736296;Global;RD Congo
31/12/2015;37752782;;93199532;Global;RD Congo
31/01/2016;35844717;;90863461;Global;RD Congo
29/02/2016;34098497;;88891776;Global;RD Congo
31/03/2016;29311021;;100619756;Global;RD Congo
30/04/2016;27525012;;88854393;Global;RD Congo
31/05/2016;27178853;;91479901;Global;RD Congo
30/06/2016;27294452;;102244657;Global;RD Congo
31/07/2016;27281107;;100738229;Global;RD Congo
31/08/2016;28000500;;97233743;Global;RD Congo
30/09/2016;28335503;;101714937;Global;RD Congo
31/10/2016;28337599;;95608600;Global;RD Congo
30/11/2016;28585598;;90411753;Global;RD Congo
31/12/2016;28889317;;100146797;Global;RD Congo
31/01/2017;29278794;;93910974;Global;RD Congo
28/02/2017;29678734;;87781693;Global;RD Congo
31/03/2017;30098991;;98690352;Global;RD Congo
30/04/2017;30293919;;96140398;Global;RD Congo
31/05/2017;30769342;;100826553;Global;RD Congo
30/06/2017;31298358;;103990668;Global;RD Congo
31/07/2017;31787808;;102896647;Global;RD Congo
31/08/2017;32169251;;100870730;Global;RD Congo
30/09/2017;33529508;;92967534;Global;RD Congo
31/10/2017;34987880;;100195614;Global;RD Congo
30/11/2017;35366547;;98232443;Global;RD Congo
31/12/2017;35366547;;106159598;Global;RD Congo
31/01/2018;35166799;;101707655;Global;RD Congo
28/02/2018;35430844;;95768511;Global;RD Congo
31/03/2018;35896672;;108360398;Global;RD Congo
30/04/2018;34717366;;104805607;Global;RD Congo
31/05/2018;35065628;;111150403;Global;RD Congo
30/06/2018;35423619;;110745087;Global;RD Congo
31/07/2018;35676222;;113269654;Global;RD Congo
31/08/2018;36062626;;114050751;Global;RD Congo
30/09/2018;36270268;;109811831;Global;RD Congo
31/10/2018;36493817;;112222476;Global;RD Congo
30/11/2018;36588037;;108798648;Global;RD Congo
31/12/2018;36470600;;118640271;Global;RD Congo
31/01/2019;35049762;;107158391;Global;RD Congo
28/02/2019;34918034;;102166531;Global;RD Congo
31/03/2019;34687500;;113984893;Global;RD Congo
30/04/2019;34734341;;112168057;Global;RD Congo
31/05/2019;34626496;;116501934;Global;RD Congo
30/06/2019;35048390;;116082035;Global;RD Congo
31/07/2019;35615633;;125844914;Global;RD Congo
31/08/2019;36065903;;129035151;Global;RD Congo
30/09/2019;36481836;;122209663;Global;RD Congo
31/10/2019;36776842;;126595378;Global;RD Congo
30/11/2019;36766159;;122536455;Global;RD Congo
31/12/2019;37123208;;130619656;Global;RD Congo
31/01/2020;37248354;;127030781;Global;RD Congo
29/02/2020;37713459;;121659802;Global;RD Congo
31/03/2020;38073115;;132995551;Global;RD Congo
30/04/2020;38085951;;114649733;Global;RD Congo
31/05/2020;38013634;;118694321;Global;RD Congo
30/06/2020;38545029;;115651642;Global;RD Congo
31/07/2020;39209513;;122866393;Global;RD Congo
31/08/2020;39641714;;127489230;Global;RD Congo
30/09/2020;39895672;;129069012;Global;RD Congo
31/10/2020;40103887;;134851923;Global;RD Congo
30/11/2020;40276430;;127628893;Global;RD Congo
31/12/2020;40798396;;139845551;Global;RD Congo
31/01/2021;40931505;;133219824;Global;RD Congo
28/02/2021;41287708;;125397482;Global;RD Congo
31/03/2021;41595482;;140389852;Global;RD Congo
30/04/2021;42741283;;133877001;Global;RD Congo
31/05/2021;43684133;;140844516;Global;RD Congo
30/06/2021;44786510;;140389852;Global;RD Congo
31/07/2021;45510921;;146156276;Global;RD Congo
31/08/2021;46386505;;149361543;Global;RD Congo
30/09/2021;47199091;;149959842;Global;RD Congo
31/10/2021;47534663;;156838820;Global;RD Congo
30/11/2021;46847064;;154383425;Global;RD Congo
31/12/2021;46885799;;165698791;Global;RD Congo
31/01/2022;46924530;;159092323;Global;RD Congo
28/02/2022;46821927;;146220909;Global;RD Congo
31/03/2022;46645908;;165967837;Global;RD Congo
30/04/2022;46159453;;162592255;Global;RD Congo
31/05/2022;46358130;;172996075;Global;RD Congo
30/06/2022;46876984;;172373637;Global;RD Congo
31/07/2022;47650901;;181791319;Global;RD Congo
31/08/2022;48071820;;184923429;Global;RD Congo
30/09/2022;48449966;;177706266;Global;RD Congo
31/10/2022;48852709;;175540029;Global;RD Congo
30/11/2022;49295523;;169541271;Global;RD Congo
31/12/2022;49844134;;183563346;Global;RD Congo
31/01/2023;52618874;;152926315;Global;RD Congo
28/02/2023;53075456;;140737375;Global;RD Congo
31/03/2023;53674957;;164988878;Global;RD Congo
31/01/2013;1071899;;;Global;Africell
28/02/2013;1281700;;;Global;Africell
31/03/2013;1294517;;;Global;Africell
30/04/2013;1308465;;;Global;Africell
31/05/2013;1340000;;;Global;Africell
30/06/2013;1497211;;;Global;Africell
31/07/2013;2609915;;;Global;Africell
31/08/2013;2807450;;;Global;Africell
30/09/2013;3005307;;;Global;Africell
31/10/2013;3189400;;;Global;Africell
30/11/2013;3361190;;;Global;Africell
31/12/2013;3703429;;;Global;Africell
31/01/2014;3854628;;;Global;Africell
28/02/2014;4103996;;;Global;Africell
31/03/2014;4375636;;;Global;Africell
30/04/2014;4569832;;;Global;Africell
31/05/2014;4815139;;;Global;Africell
30/06/2014;5299023;;;Global;Africell
31/07/2014;5528125;;;Global;Africell
31/08/2014;5553512;;;Global;Africell
30/09/2014;5623265;;;Global;Africell
31/10/2014;5824169;;;Global;Africell
30/11/2014;6308928;;;Global;Africell
31/12/2014;7029143;;3766911;Global;Africell
31/01/2015;6828729;;3473632;Global;Africell
28/02/2015;6503243;;2989244;Global;Africell
31/03/2015;6104604;;5025071;Global;Africell
30/04/2015;6222558;;6042441;Global;Africell
31/05/2015;6427578;;6553058;Global;Africell
30/06/2015;6349923;;6444417;Global;Africell
31/07/2015;6401365,225;;7157070,936;Global;Africell
31/08/2015;6468976,218;;7082550,898;Global;Africell
30/09/2015;6679533;;6915165,132;Global;Africell
31/10/2015;6162537,146;;6795680,924;Global;Africell
30/11/2015;5610373,818;;6418485,904;Global;Africell
31/12/2015;5793411;;6896765,368;Global;Africell
31/01/2016;5613815,259;;8177711,49;Global;Africell
29/02/2016;5025487,42;;8000259,84;Global;Africell
31/03/2016;4386564;;9055778,04;Global;Africell
30/04/2016;4078627,207;;7734463,533;Global;Africell
31/05/2016;4006843,368;;7963004,803;Global;Africell
30/06/2016;4023550;;8900039,09;Global;Africell
31/07/2016;4038437,135;;8966380,753;Global;Africell
31/08/2016;4057821,633;;8654457,9;Global;Africell
30/09/2016;3986302;;9053314,342;Global;Africell
31/10/2016;3910562,262;;7480298,602;Global;Africell
30/11/2016;3891791,563;;7073703,721;Global;Africell
31/12/2016;3856039;;7835361,521;Global;Africell
31/01/2017;3780846,24;;6999410,505;Global;Africell
28/02/2017;3769881,785;;6542580,467;Global;Africell
31/03/2017;3684922;;7355629,029;Global;Africell
30/04/2017;3575111,324;;7245401,944;Global;Africell
31/05/2017;3500391,498;;7598563,333;Global;Africell
30/06/2017;3502309;;7837019,648;Global;Africell
31/07/2017;3531378,165;;8006259,653;Global;Africell
31/08/2017;3552919,572;;7848625,581;Global;Africell
30/09/2017;3554217;;7233687,766;Global;Africell
31/10/2017;3554217;;7312359,396;Global;Africell
30/11/2017;3546397,723;;7169085,541;Global;Africell
31/12/2017;3506850;;7747615,918;Global;Africell
31/01/2018;3446532,18;;7095073,567;Global;Africell
28/02/2018;3467211,373;;6680761,944;Global;Africell
31/03/2018;3513457;;7559165,488;Global;Africell
30/04/2018;3593212,474;;7315253,873;Global;Africell
31/05/2018;3646751,34;;7758109,888;Global;Africell
30/06/2018;3713197;;7729819,518;Global;Africell
31/07/2018;3753299,528;;8410210,923;Global;Africell
31/08/2018;3831368,158;;8468206,955;Global;Africell
30/09/2018;3867128;;8153469,424;Global;Africell
31/10/2018;3906959,418;;8326506,096;Global;Africell
30/11/2018;3942122,053;;8072470,312;Global;Africell
31/12/2018;3922308;;8802683,517;Global;Africell
31/01/2019;3857982,149;;8339884,688;Global;Africell
28/02/2019;3819016,529;;7951380,005;Global;Africell
31/03/2019;3786919;;8871175,229;Global;Africell
30/04/2019;3802445,368;;8798609,754;Global;Africell
31/05/2019;3801684,879;;9138564,759;Global;Africell
30/06/2019;3810149;;9105627,33;Global;Africell
31/07/2019;3871873,414;;10116248,06;Global;Africell
31/08/2019;3940018,386;;10372700,45;Global;Africell
30/09/2019;4012482;;9824022,495;Global;Africell
31/10/2019;4031741,914;;10111176,39;Global;Africell
30/11/2019;4025291,127;;9786990,098;Global;Africell
31/12/2019;4022009;;10432595,59;Global;Africell
31/01/2020;4014769,384;;9867322,293;Global;Africell
29/02/2020;4001119,168;;9450122,773;Global;Africell
31/03/2020;3978580;;10330645,49;Global;Africell
30/04/2020;3958462;;8639501;Global;Africell
31/05/2020;3921314;;8738466;Global;Africell
30/06/2020;3910794;;8556757;Global;Africell
31/07/2020;3965894;;8997895;Global;Africell
31/08/2020;4010105;;9356394;Global;Africell
30/09/2020;4041836;;9591269;Global;Africell
31/10/2020;4049301;;9856695;Global;Africell
30/11/2020;4096145;;9479882;Global;Africell
31/12/2020;4199258;;10162347;Global;Africell
31/01/2021;4236414;;9737668;Global;Africell
28/02/2021;4245543;;9102995;Global;Africell
31/03/2021;4156213;;9332197;Global;Africell
30/04/2021;4108984;;8418231;Global;Africell
31/05/2021;4088199;;9309989;Global;Africell
30/06/2021;4124999;;9332197;Global;Africell
31/07/2021;4108984;;8418231;Global;Africell
31/08/2021;4088199;;9309989;Global;Africell
30/09/2021;4457192;;9230248;Global;Africell
31/10/2021;4418811;;9394760;Global;Africell
30/11/2021;4410125;;8766674;Global;Africell
31/12/2021;4562498;;9356428;Global;Africell
31/01/2022;4575231;;8879397;Global;Africell
28/02/2022;4598772;;7762766;Global;Africell
31/03/2022;4479504;;8217062;Global;Africell
30/04/2022;3731719;;8008605;Global;Africell
31/05/2022;3642799;;8593028;Global;Africell
30/06/2022;3564179;;8529864;Global;Africell
31/07/2022;4530066;;8919125;Global;Africell
31/08/2022;4511916;;8968291;Global;Africell
30/09/2022;4189732;;8118195;Global;Africell
31/10/2022;3933076;;7999144;Global;Africell
30/11/2022;3823695;;7783778;Global;Africell
31/12/2022;3828030;;7951079;Global;Africell
31/01/2023;3731719;;7409186;Global;Africell
28/02/2023;3642799;;6508748;Global;Africell
31/03/2023;3564179;;7324654;Global;Africell
31/01/2013;7653649;;;Global;Airtel
28/02/2013;7654589;;;Global;Airtel
31/03/2013;7679809;;;Global;Airtel
30/04/2013;7773426;;;Global;Airtel
31/05/2013;7783944;;;Global;Airtel
30/06/2013;7880556;;;Global;Airtel
31/07/2013;9334797;;;Global;Airtel
31/08/2013;9769280;;;Global;Airtel
30/09/2013;9721643;;;Global;Airtel
31/10/2013;9973166;;;Global;Airtel
30/11/2013;9968486;;;Global;Airtel
31/12/2013;10215888;;;Global;Airtel
31/01/2014;8629539;;;Global;Airtel
28/02/2014;8235782;;;Global;Airtel
31/03/2014;8224656;;;Global;Airtel
30/04/2014;8285666;;;Global;Airtel
31/05/2014;8532917;;;Global;Airtel
30/06/2014;8784477;;;Global;Airtel
31/07/2014;8702931;;;Global;Airtel
31/08/2014;8639738;;;Global;Airtel
30/09/2014;8552925;;;Global;Airtel
31/10/2014;8695003;;;Global;Airtel
30/11/2014;8653154;;;Global;Airtel
31/12/2014;8597012;;25076190;Global;Airtel
31/01/2015;8507503;;23521590;Global;Airtel
28/02/2015;8437959;;21661130;Global;Airtel
31/03/2015;8145804;;24539580;Global;Airtel
30/04/2015;8027041;;22886380;Global;Airtel
31/05/2015;7856070;;23701870;Global;Airtel
30/06/2015;7774244;;23717760;Global;Airtel
31/07/2015;7915175,896;;24495327,29;Global;Airtel
31/08/2015;8117321,119;;24240279,83;Global;Airtel
30/09/2015;8495934;;23667396,16;Global;Airtel
31/10/2015;8393982,792;;17999371,1;Global;Airtel
30/11/2015;8132090,529;;17000314,02;Global;Airtel
31/12/2015;8141458;;18267108,27;Global;Airtel
31/01/2016;7884187,927;;19081326,81;Global;Airtel
29/02/2016;7508112,163;;18667272,96;Global;Airtel
31/03/2016;7191556;;21130148,76;Global;Airtel
30/04/2016;6956392,119;;19733358,75;Global;Airtel
31/05/2016;6245448,844;;20316448,57;Global;Airtel
30/06/2016;6244481;;22707155,26;Global;Airtel
31/07/2016;6292563,504;;23935907,21;Global;Airtel
31/08/2016;6271798,044;;23103223,8;Global;Airtel
30/09/2016;6406366;;24167977,92;Global;Airtel
31/10/2016;6542180,959;;22536361,02;Global;Airtel
30/11/2016;6610873,859;;21311387,33;Global;Airtel
31/12/2016;6763639;;23606081,18;Global;Airtel
31/01/2017;6879297,227;;23274561,05;Global;Airtel
28/02/2017;6959097,075;;21755501,89;Global;Airtel
31/03/2017;7093333;;24459065,06;Global;Airtel
30/04/2017;7227396,994;;23771966,43;Global;Airtel
31/05/2017;7421091,233;;24930679,33;Global;Airtel
30/06/2017;7552880;;25713048;Global;Airtel
31/07/2017;7672215,504;;26071270,77;Global;Airtel
31/08/2017;7735127,671;;25557957,34;Global;Airtel
30/09/2017;8546830;;23555497,89;Global;Airtel
31/10/2017;8822037,926;;24672497,06;Global;Airtel
30/11/2017;9063761,765;;24189079,38;Global;Airtel
31/12/2017;9281863;;26141088,07;Global;Airtel
31/01/2018;9442439,23;;25926345,38;Global;Airtel
28/02/2018;9576521,867;;24412395,44;Global;Airtel
31/03/2018;9709205;;27622199,18;Global;Airtel
30/04/2018;8229522,158;;26980923,73;Global;Airtel
31/05/2018;8295358,335;;28614313,98;Global;Airtel
30/06/2018;8241268;;28509970,32;Global;Airtel
31/07/2018;8226433,718;;29984641,91;Global;Airtel
31/08/2018;8256048,879;;30191413,21;Global;Airtel
30/09/2018;8147744;;29069290,09;Global;Airtel
31/10/2018;8090709,792;;29532082,54;Global;Airtel
30/11/2018;8056728,811;;28631079,69;Global;Airtel
31/12/2018;8069969;;31220967,5;Global;Airtel
31/01/2019;7986041,322;;27572537,88;Global;Airtel
28/02/2019;7932534,846;;26288100,45;Global;Airtel
31/03/2019;7865154;;29329040,41;Global;Airtel
30/04/2019;8340995,817;;27939779,4;Global;Airtel
31/05/2019;8330986,622;;29019298,57;Global;Airtel
30/06/2019;8368434;;28914706,53;Global;Airtel
31/07/2019;8473876,268;;32417407,25;Global;Airtel
31/08/2019;8570478,458;;33239206,15;Global;Airtel
30/09/2019;8708282;;31480973,6;Global;Airtel
31/10/2019;8856322,794;;33699120,2;Global;Airtel
30/11/2019;9095443,509;;32618653,16;Global;Airtel
31/12/2019;9300570;;34770364,91;Global;Airtel
31/01/2020;9470770,431;;35609635,5;Global;Airtel
29/02/2020;9656397,531;;34104027,15;Global;Airtel
31/03/2020;9723260;;37281697,06;Global;Airtel
30/04/2020;9718715;;35279296;Global;Airtel
31/05/2020;9820543;;35311645;Global;Airtel
30/06/2020;9890014;;35377319;Global;Airtel
31/07/2020;10113043;;37374921;Global;Airtel
31/08/2020;10307184;;38533178;Global;Airtel
30/09/2020;10465370;;38455081;Global;Airtel
31/10/2020;10526650;;41532602;Global;Airtel
30/11/2020;10543238;;39628864;Global;Airtel
31/12/2020;10583837;;44357405;Global;Airtel
31/01/2021;10658563;;41629235;Global;Airtel
28/02/2021;10908722;;39363259;Global;Airtel
31/03/2021;11265306;;48472747;Global;Airtel
30/04/2021;11671155;;43579635;Global;Airtel
31/05/2021;12069710;;47390248;Global;Airtel
30/06/2021;12517987;;48472747;Global;Airtel
31/07/2021;13018105;;49766416;Global;Airtel
31/08/2021;13245308;;50238243;Global;Airtel
30/09/2021;13410521;;49536557;Global;Airtel
31/10/2021;13501438;;51093030;Global;Airtel
30/11/2021;13519679;;50277650;Global;Airtel
31/12/2021;13386208;;54129375;Global;Airtel
31/01/2022;13333032;;52735513;Global;Airtel
28/02/2022;13483130;;48182883;Global;Airtel
31/03/2022;13534448;;55898405;Global;Airtel
30/04/2022;13534302;;54479083;Global;Airtel
31/05/2022;13354790;;57345938;Global;Airtel
30/06/2022;13235968;;57367848;Global;Airtel
31/07/2022;12677448;;60468254;Global;Airtel
31/08/2022;12708922;;61024072;Global;Airtel
30/09/2022;12958149;;60158973;Global;Airtel
31/10/2022;13211762;;59966502;Global;Airtel
30/11/2022;13609832;;57919198;Global;Airtel
31/12/2022;13934147;;62536794;Global;Airtel
31/01/2023;14149178;;52167246;Global;Airtel
28/02/2023;14461896;;49885943;Global;Airtel
31/03/2023;14763426;;59575381;Global;Airtel
31/01/2013;1833199;;;Global;Orange
28/02/2013;1798901;;;Global;Orange
31/03/2013;1800585;;;Global;Orange
30/04/2013;1792507;;;Global;Orange
31/05/2013;1766750;;;Global;Orange
30/06/2013;1754829;;;Global;Orange
31/07/2013;2590682;;;Global;Orange
31/08/2013;2669296;;;Global;Orange
30/09/2013;2746024;;;Global;Orange
31/10/2013;2841756;;;Global;Orange
30/11/2013;2869241;;;Global;Orange
31/12/2013;2670953;;;Global;Orange
31/01/2014;2608359;;;Global;Orange
28/02/2014;2552534;;;Global;Orange
31/03/2014;2633000;;;Global;Orange
30/04/2014;2736985;;;Global;Orange
31/05/2014;2843218;;;Global;Orange
30/06/2014;2843218;;;Global;Orange
31/07/2014;3220263;;;Global;Orange
31/08/2014;3513996;;;Global;Orange
30/09/2014;3751694;;;Global;Orange
31/10/2014;3975360;;;Global;Orange
30/11/2014;4143069;;;Global;Orange
31/12/2014;4299589;;10435062;Global;Orange
31/01/2015;4429726;;9975000;Global;Orange
28/02/2015;4513141;;9321000;Global;Orange
31/03/2015;4557617;;11443000;Global;Orange
30/04/2015;5003369;;14499502;Global;Orange
31/05/2015;5248023;;14968787;Global;Orange
30/06/2015;5434157;;15131925;Global;Orange
31/07/2015;5693905,967;;15322180,03;Global;Orange
31/08/2015;5792532,791;;15162644,18;Global;Orange
30/09/2015;5868219;;14804297,18;Global;Orange
31/10/2015;5887584,123;;15428032,37;Global;Orange
30/11/2015;5861089,994;;14571697,73;Global;Orange
31/12/2015;5787539;;15657521,38;Global;Orange
31/01/2016;5461121,8;;14538153,76;Global;Orange
29/02/2016;5197349,617;;14222684,16;Global;Orange
31/03/2016;4686016;;16099160,96;Global;Orange
30/04/2016;8044015,066;;30000477,76;Global;Orange
31/05/2016;8391516,516;;30886944,84;Global;Orange
30/06/2016;8540722;;34521518,34;Global;Orange
31/07/2016;8509975,401;;31265348,15;Global;Orange
31/08/2016;8761870,673;;30177687,83;Global;Orange
30/09/2016;8738453;;31568481,49;Global;Orange
31/10/2016;8488533,244;;24671774,31;Global;Orange
30/11/2016;8518243,111;;23330729,3;Global;Orange
31/12/2016;8567222;;25842854,87;Global;Orange
31/01/2017;8764268,106;;22955152,29;Global;Orange
28/02/2017;8881709,299;;21456939,97;Global;Orange
31/03/2017;8932417;;24123400,74;Global;Orange
30/04/2017;8942242,659;;24005621,13;Global;Orange
31/05/2017;9154173,81;;25175723,02;Global;Orange
30/06/2017;9451260;;25965781,6;Global;Orange
31/07/2017;9608150,916;;27147104,63;Global;Orange
31/08/2017;9724409,542;;26612609,26;Global;Orange
30/09/2017;9975121;;24527518,11;Global;Orange
31/10/2017;10225496,54;;26116750,36;Global;Orange
30/11/2017;10375811,34;;25605034,88;Global;Orange
31/12/2017;10595396;;27671308,24;Global;Orange
31/01/2018;10630360,81;;26383562,74;Global;Orange
28/02/2018;10673945,29;;24842913,93;Global;Orange
31/03/2018;10853402;;28109323,33;Global;Orange
30/04/2018;10904412,99;;27094780,67;Global;Orange
31/05/2018;10993829,18;;28735063,67;Global;Orange
30/06/2018;11190511;;28630279,7;Global;Orange
31/07/2018;11263249,32;;31060954,95;Global;Orange
31/08/2018;11365744,89;;31275148,41;Global;Orange
30/09/2018;11454837;;30112746,14;Global;Orange
31/10/2018;11561366,98;;31363101,05;Global;Orange
30/11/2018;11618017,68;;30406235,12;Global;Orange
31/12/2018;11648338;;33156698,55;Global;Orange
31/01/2019;10761899,48;;29974799,29;Global;Orange
28/02/2019;10829699,44;;28578455,06;Global;Orange
31/03/2019;10855166;;31884337,37;Global;Orange
30/04/2019;10297210,47;;32609877,04;Global;Orange
31/05/2019;10329131,82;;33869836,42;Global;Orange
30/06/2019;10522023;;33747761,96;Global;Orange
31/07/2019;10710367,21;;36282372,02;Global;Orange
31/08/2019;10766061,12;;37202149,88;Global;Orange
30/09/2019;10783477;;35234292,09;Global;Orange
31/10/2019;10814749,08;;34712859,68;Global;Orange
30/11/2019;10430825,49;;33599889,94;Global;Orange
31/12/2019;10398435;;35816329,65;Global;Orange
31/01/2020;10587686,52;;32999529,17;Global;Orange
29/02/2020;10659682,79;;31604278,53;Global;Orange
31/03/2020;10529136;;34549032,37;Global;Orange
30/04/2020;10607058;;28223828;Global;Orange
31/05/2020;10457582;;31099428;Global;Orange
30/06/2020;10834808;;29349905;Global;Orange
31/07/2020;11030032;;31271901;Global;Orange
31/08/2020;11012630;;32432234;Global;Orange
30/09/2020;10918424;;33029242;Global;Orange
31/10/2020;10917776;;33973905;Global;Orange
30/11/2020;10918977;;31917138;Global;Orange
31/12/2020;11197168;;34391311;Global;Orange
31/01/2021;11132428;;32064714;Global;Orange
28/02/2021;11071267;;29908810;Global;Orange
31/03/2021;10994434;;33651763;Global;Orange
30/04/2021;11709020;;32184018;Global;Orange
31/05/2021;12148908;;33717413;Global;Orange
30/06/2021;12607078;;33651763;Global;Orange
31/07/2021;12562382;;37170163;Global;Orange
31/08/2021;12719781;;37700998;Global;Orange
30/09/2021;12551565;;38507373;Global;Orange
31/10/2021;12567227;;40476832;Global;Orange
30/11/2021;12918464;;39582854;Global;Orange
31/12/2021;13063770;;42446996;Global;Orange
31/01/2022;13315252;;40969750;Global;Orange
28/02/2022;13167250;;38378963;Global;Orange
31/03/2022;13119976;;42905174;Global;Orange
30/04/2022;13193099;;42550340;Global;Orange
31/05/2022;13451618;;46245725;Global;Orange
30/06/2022;14057409;;46639048;Global;Orange
31/07/2022;14341198;;48909348;Global;Orange
31/08/2022;14775681;;50701699;Global;Orange
30/09/2022;15193132;;48117975;Global;Orange
31/10/2022;15366822;;48307494;Global;Orange
30/11/2022;15306374;;46856958;Global;Orange
31/12/2022;15169420;;49685997;Global;Orange
31/01/2023;14729630;;43611192;Global;Orange
28/02/2023;14487337;;39117661;Global;Orange
31/03/2023;14247889;;45757928;Global;Orange
31/01/2013;7296066;;;Global;Vodacom
28/02/2013;7150438;;;Global;Vodacom
31/03/2013;7597120;;;Global;Vodacom
30/04/2013;7921462;;;Global;Vodacom
31/05/2013;8101973;;;Global;Vodacom
30/06/2013;8310725;;;Global;Vodacom
31/07/2013;8359882;;;Global;Vodacom
31/08/2013;8565753;;;Global;Vodacom
30/09/2013;8789794;;;Global;Vodacom
31/10/2013;9000237;;;Global;Vodacom
30/11/2013;9177802;;;Global;Vodacom
31/12/2013;9334379;;;Global;Vodacom
31/01/2014;9422361;;;Global;Vodacom
28/02/2014;9627257;;;Global;Vodacom
31/03/2014;10008144;;;Global;Vodacom
30/04/2014;10180654;;;Global;Vodacom
31/05/2014;10341655;;;Global;Vodacom
30/06/2014;10501711;;;Global;Vodacom
31/07/2014;10620164;;;Global;Vodacom
31/08/2014;10756116;;;Global;Vodacom
30/09/2014;11003239;;;Global;Vodacom
31/10/2014;11188618;;;Global;Vodacom
30/11/2014;11371557;;;Global;Vodacom
31/12/2014;11493215;;30968273;Global;Vodacom
31/01/2015;11329304;;31365546;Global;Vodacom
28/02/2015;11235234;;29340052;Global;Vodacom
31/03/2015;11216020;;33570656;Global;Vodacom
30/04/2015;10180686;;30681414;Global;Vodacom
31/05/2015;11725402;;34512504;Global;Vodacom
30/06/2015;11921992;;34869294;Global;Vodacom
31/07/2015;11840433,72;;37095804,29;Global;Vodacom
31/08/2015;12055465,9;;36709559,58;Global;Vodacom
30/09/2015;12118416;;35841982,66;Global;Vodacom
31/10/2015;11981477,9;;35447741,04;Global;Vodacom
30/11/2015;11763415;;33480210,26;Global;Vodacom
31/12/2015;11814326;;35975019,35;Global;Vodacom
31/01/2016;11491794,9;;33619480,57;Global;Vodacom
29/02/2016;11491794,9;;32889957,12;Global;Vodacom
31/03/2016;8527483;;37229309,72;Global;Vodacom
30/04/2016;8445619,163;;31386092,96;Global;Vodacom
31/05/2016;8534298,164;;32313502,79;Global;Vodacom
30/06/2016;8485699;;36115944,31;Global;Vodacom
31/07/2016;8610438,775;;36570592,89;Global;Vodacom
31/08/2016;8909221,001;;35298373,47;Global;Vodacom
30/09/2016;9204382;;36925163,25;Global;Vodacom
31/10/2016;9395833,146;;40920166,06;Global;Vodacom
30/11/2016;9564018,559;;38695932,65;Global;Vodacom
31/12/2016;9702417;;42862499,43;Global;Vodacom
31/01/2017;9854744,947;;40681850,15;Global;Vodacom
28/02/2017;10067607,44;;38026670,67;Global;Vodacom
31/03/2017;10388319;;42752257,17;Global;Vodacom
30/04/2017;10549337,94;;41117408,5;Global;Vodacom
31/05/2017;10693863,87;;43121587,32;Global;Vodacom
30/06/2017;10791909;;44474818,76;Global;Vodacom
31/07/2017;10975371,45;;41672011,95;Global;Vodacom
31/08/2017;11156465,08;;40851537,82;Global;Vodacom
30/09/2017;11453340;;37650830,23;Global;Vodacom
31/10/2017;11743109,5;;42094007,19;Global;Vodacom
30/11/2017;12001457,91;;41269243,2;Global;Vodacom
31/12/2017;11982438;;44599585,78;Global;Vodacom
31/01/2018;11638542,03;;42302673,31;Global;Vodacom
28/02/2018;11703717,86;;39832439,69;Global;Vodacom
31/03/2018;11820608;;45069710;Global;Vodacom
30/04/2018;11989642,69;;43414648,73;Global;Vodacom
31/05/2018;12128722,55;;46042915,46;Global;Vodacom
30/06/2018;12278643;;45875017,46;Global;Vodacom
31/07/2018;12433353,9;;43813846,21;Global;Vodacom
31/08/2018;12609907,53;;44115982,42;Global;Vodacom
30/09/2018;12800559;;42476325,35;Global;Vodacom
31/10/2018;12934964,87;;43000786,31;Global;Vodacom
30/11/2018;12971182,77;;41688862,88;Global;Vodacom
31/12/2018;12829985;;45459921,43;Global;Vodacom
31/01/2019;12443802,45;;41271169,13;Global;Vodacom
28/02/2019;12336785,75;;39348595,49;Global;Vodacom
31/03/2019;12180261;;43900339,99;Global;Vodacom
30/04/2019;12293537,43;;42819790,81;Global;Vodacom
31/05/2019;12164455,28;;44474234,25;Global;Vodacom
30/06/2019;12347784;;44313939,18;Global;Vodacom
31/07/2019;12977520,98;;47028886,67;Global;Vodacom
31/08/2019;12789346,93;;48221094,52;Global;Vodacom
30/09/2019;12977595;;45670374,81;Global;Vodacom
31/10/2019;13215084,99;;48072221,72;Global;Vodacom
30/11/2019;13215084,99;;46530921,8;Global;Vodacom
31/12/2019;13402194;;49600365,86;Global;Vodacom
31/01/2020;13513432,21;;48554294,04;Global;Vodacom
29/02/2020;13625593,7;;46501373,54;Global;Vodacom
31/03/2020;13765935;;50834176,08;Global;Vodacom
30/04/2020;13801716;;42507108;Global;Vodacom
31/05/2020;13814195;;43544782;Global;Vodacom
30/06/2020;13909413;;42367661;Global;Vodacom
31/07/2020;14100544;;45221676;Global;Vodacom
31/08/2020;14311795;;47167424;Global;Vodacom
30/09/2020;14470042;;47993420;Global;Vodacom
31/10/2020;14610160;;49488721;Global;Vodacom
30/11/2020;14718070;;46603009;Global;Vodacom
31/12/2020;14818133;;50934488;Global;Vodacom
31/01/2021;14904100;;49788207;Global;Vodacom
28/02/2021;15062176;;47022418;Global;Vodacom
31/03/2021;15179529;;48933145;Global;Vodacom
30/04/2021;15252124;;49695117;Global;Vodacom
31/05/2021;15377316;;50426866;Global;Vodacom
30/06/2021;15536446;;48933145;Global;Vodacom
31/07/2021;15821450;;50801466;Global;Vodacom
31/08/2021;16333217;;52112313;Global;Vodacom
30/09/2021;16779813;;52685664;Global;Vodacom
31/10/2021;17047187;;55874198;Global;Vodacom
30/11/2021;15998796;;55756247;Global;Vodacom
31/12/2021;15873323;;59765992;Global;Vodacom
31/01/2022;15701015;;56507663;Global;Vodacom
28/02/2022;15572775;;51896297;Global;Vodacom
31/03/2022;15511980;;58947196;Global;Vodacom
30/04/2022;15700333;;57554227;Global;Vodacom
31/05/2022;15908923;;60811384;Global;Vodacom
30/06/2022;16019428;;59836877;Global;Vodacom
31/07/2022;16102189;;63494592;Global;Vodacom
31/08/2022;16075301;;64229367;Global;Vodacom
30/09/2022;16108953;;61311123;Global;Vodacom
31/10/2022;16341049;;59266889;Global;Vodacom
30/11/2022;16555622;;56981337;Global;Vodacom
31/12/2022;16912537;;63389476;Global;Vodacom
31/01/2023;20008347;;49738691;Global;Vodacom
28/02/2023;20483424;;45225023;Global;Vodacom
31/03/2023;21099463;;52330915;Global;Vodacom
31/01/2013;2993856;;;Global;Tigo
28/02/2013;2962336;;;Global;Tigo
31/03/2013;2935742;;;Global;Tigo
30/04/2013;2900747;;;Global;Tigo
31/05/2013;2892835;;;Global;Tigo
30/06/2013;2964026;;;Global;Tigo
31/07/2013;3234107;;;Global;Tigo
31/08/2013;3459123;;;Global;Tigo
30/09/2013;3632605;;;Global;Tigo
31/10/2013;3740180;;;Global;Tigo
30/11/2013;3790954;;;Global;Tigo
31/12/2013;3854300;;;Global;Tigo
31/01/2014;4434976;;;Global;Tigo
28/02/2014;4516995;;;Global;Tigo
31/03/2014;4570250;;;Global;Tigo
30/04/2014;4651238;;;Global;Tigo
31/05/2014;4718610;;;Global;Tigo
30/06/2014;4771267;;;Global;Tigo
31/07/2014;4865476;;;Global;Tigo
31/08/2014;5126083;;;Global;Tigo
30/09/2014;5446824;;;Global;Tigo
31/10/2014;5591468;;;Global;Tigo
30/11/2014;5623007;;;Global;Tigo
31/12/2014;5683999;;13306044;Global;Tigo
31/01/2015;6203755;;12787195;Global;Tigo
28/02/2015;5879171;;11852130;Global;Tigo
31/03/2015;5490724;;13766929;Global;Tigo
30/04/2015;5433192;;12376392;Global;Tigo
31/05/2015;5594601;;12849457;Global;Tigo
30/06/2015;5893787;;12477291;Global;Tigo
31/07/2015;6188366,739;;16733433,46;Global;Tigo
31/08/2015;6441762,976;;16559203,51;Global;Tigo
30/09/2015;6584638;;16167850,87;Global;Tigo
31/10/2015;6651142,844;;16162700,58;Global;Tigo
30/11/2015;6427664,444;;15265588,1;Global;Tigo
31/12/2015;6216048;;16403117,63;Global;Tigo
31/01/2016;5393664,85;;15446788,37;Global;Tigo
29/02/2016;4875873,024;;15111601,92;Global;Tigo
31/03/2016;4519402;;17105358,52;Global;Tigo
30/04/2016;;;;Global;Tigo
31/05/2016;;;;Global;Tigo
30/06/2016;;;;Global;Tigo
31/07/2016;;;;Global;Tigo
31/08/2016;;;;Global;Tigo
30/09/2016;;;;Global;Tigo
31/10/2016;;;;Global;Tigo
30/11/2016;;;;Global;Tigo
31/12/2016;;;;Global;Tigo
31/01/2017;;;;Global;Tigo
28/02/2017;;;;Global;Tigo
31/03/2017;;;;Global;Tigo
30/04/2017;;;;Global;Tigo
31/05/2017;;;;Global;Tigo
30/06/2017;;;;Global;Tigo
31/07/2017;;;;Global;Tigo
31/08/2017;;;;Global;Tigo
30/09/2017;;;;Global;Tigo
31/10/2017;;;;Global;Tigo
30/11/2017;;;;Global;Tigo
31/12/2017;;;;Global;Tigo
31/01/2018;;;;Global;Tigo
28/02/2018;;;;Global;Tigo
31/03/2018;;;;Global;Tigo
30/04/2018;;;;Global;Tigo
31/05/2018;;;;Global;Tigo
30/06/2018;;;;Global;Tigo
31/07/2018;;;;Global;Tigo
31/08/2018;;;;Global;Tigo
30/09/2018;;;;Global;Tigo
31/10/2018;;;;Global;Tigo
30/11/2018;;;;Global;Tigo
31/12/2018;;;;Global;Tigo
31/01/2019;;;;Global;Tigo
28/02/2019;;;;Global;Tigo
31/03/2019;;;;Global;Tigo
30/04/2019;;;;Global;Tigo
31/05/2019;;;;Global;Tigo
30/06/2019;;;;Global;Tigo
31/07/2019;;;;Global;Tigo
31/08/2019;;;;Global;Tigo
30/09/2019;;;;Global;Tigo
31/10/2019;;;;Global;Tigo
30/11/2019;;;;Global;Tigo
31/12/2019;;;;Global;Tigo
31/01/2020;;;;Global;Tigo
29/02/2020;;;;Global;Tigo
31/03/2020;;;;Global;Tigo
30/04/2020;;;;Global;Tigo
31/05/2020;;;;Global;Tigo
30/06/2020;;;;Global;Tigo
31/07/2020;;;;Global;Tigo
31/08/2020;;;;Global;Tigo
30/09/2020;;;;Global;Tigo
31/10/2020;;;;Global;Tigo
30/11/2020;;;;Global;Tigo
31/12/2020;;;;Global;Tigo
31/01/2021;;;;Global;Tigo
28/02/2021;;;;Global;Tigo
31/03/2021;;;;Global;Tigo
30/04/2021;;;;Global;Tigo
31/05/2021;;;;Global;Tigo
30/06/2021;;;;Global;Tigo
31/07/2021;;;;Global;Tigo
31/08/2021;;;;Global;Tigo
30/09/2021;;;;Global;Tigo
31/10/2021;;;;Global;Tigo
30/11/2021;;;;Global;Tigo
31/12/2021;;;;Global;Tigo
31/01/2022;;;;Global;Tigo
28/02/2022;;;;Global;Tigo
31/03/2022;;;;Global;Tigo
30/04/2022;;;;Global;Tigo
31/05/2022;;;;Global;Tigo
30/06/2022;;;;Global;Tigo
31/07/2022;;;;Global;Tigo
31/08/2022;;;;Global;Tigo
30/09/2022;;;;Global;Tigo
31/10/2022;;;;Global;Tigo
30/11/2022;;;;Global;Tigo
31/12/2022;;;;Global;Tigo
31/01/2023;;;;Global;Tigo
28/02/2023;;;;Global;Tigo
31/03/2023;;;;Global;Tigo
31/01/2013;20848669;813385458;69625855;Voix;RD Congo
28/02/2013;20847964;772831907;63123012;Voix;RD Congo
31/03/2013;21307773;841563444;68644734;Voix;RD Congo
30/04/2013;21696607;852734479;67460292;Voix;RD Congo
31/05/2013;21885502;908416257;70111466;Voix;RD Congo
30/06/2013;22168537;912209407;71821539;Voix;RD Congo
31/07/2013;26129383;1033246439;77901739;Voix;RD Congo
31/08/2013;27270902;901637641;76842091;Voix;RD Congo
30/09/2013;27895373;1045631688;73550472;Voix;RD Congo
31/10/2013;28744739;1070423430;74701319;Voix;RD Congo
30/11/2013;29167673;1391063102;69932567;Voix;RD Congo
31/12/2013;29778949;1069621334;74767742;Voix;RD Congo
31/01/2014;28949863;1064493374;67254402;Voix;RD Congo
28/02/2014;29036564;1121908863;56775294;Voix;RD Congo
31/03/2014;29811686;1238993708;61300175;Voix;RD Congo
30/04/2014;30424476;1222936084;65915578;Voix;RD Congo
31/05/2014;31251645;1297735070;69185906;Voix;RD Congo
30/06/2014;32199696;1332560395;67061271;Voix;RD Congo
31/07/2014;32936959;1324785569;72867298;Voix;RD Congo
31/08/2014;33589445;1400746126;73092855;Voix;RD Congo
30/09/2014;34377947;1350110940;70274114;Voix;RD Congo
31/10/2014;35274618;1383019696;68245853;Voix;RD Congo
30/11/2014;36099715;1410449688;65121516;Voix;RD Congo
31/12/2014;37102958;1486363028;68863647;Voix;RD Congo
31/01/2015;37299017;1372020939;70710567;Voix;RD Congo
28/02/2015;36568748;1217372734;64786568;Voix;RD Congo
31/03/2015;35514769;1212651323;73898034;Voix;RD Congo
30/04/2015;34866846;1259663562;71401387;Voix;RD Congo
31/05/2015;36851674;1354258396;77058903;Voix;RD Congo
30/06/2015;37374103;1382148057;76177474;Voix;RD Congo
31/07/2015;38035444;1562754024;81804387;Voix;RD Congo
31/08/2015;38876059;1581819927;81039393;Voix;RD Congo
30/09/2015;39746740;1516873058;78335833;Voix;RD Congo
31/10/2015;39076347;1412499025;73031816;Voix;RD Congo
30/11/2015;37794788;1344606105;69024993;Voix;RD Congo
31/12/2015;37752782;1416924656;75265646;Voix;RD Congo
31/01/2016;35844717;1276845761;71832108;Voix;RD Congo
29/02/2016;34098497;1294325621;70611996;Voix;RD Congo
31/03/2016;29311021;1375566026;81354621;Voix;RD Congo
30/04/2016;27525012;1295933476;70284516;Voix;RD Congo
31/05/2016;27178853;1338160216;70763167;Voix;RD Congo
30/06/2016;27294452;1344386660;79793797;Voix;RD Congo
31/07/2016;27281107;1433933237;76303053;Voix;RD Congo
31/08/2016;28000500;1461933996;74504556;Voix;RD Congo
30/09/2016;28335503;1356328251;72112322;Voix;RD Congo
31/10/2016;28337599;1328956012;71910417;Voix;RD Congo
30/11/2016;28585598;1191010645;66342510;Voix;RD Congo
31/12/2016;28889317;1255965912;74200535;Voix;RD Congo
31/01/2017;29278794;1107946302;67400704;Voix;RD Congo
28/02/2017;29678734;1087949911;62850114;Voix;RD Congo
31/03/2017;30098991;1230877166;72058065;Voix;RD Congo
30/04/2017;30293919;1181752402;69361732;Voix;RD Congo
31/05/2017;30769342;1259129460;72646393;Voix;RD Congo
30/06/2017;31298358;1279820822;74780236;Voix;RD Congo
31/07/2017;31787808;1280102406;74613683;Voix;RD Congo
31/08/2017;32169251;1263836278;70953403;Voix;RD Congo
30/09/2017;33529508;1251837421;67952401;Voix;RD Congo
31/10/2017;34987880;1211709505;69888619;Voix;RD Congo
30/11/2017;35366547;1177618619;67224706;Voix;RD Congo
31/12/2017;35366547;1244113693;73435375;Voix;RD Congo
31/01/2018;35166799;1155861256;70262264;Voix;RD Congo
28/02/2018;35430844;1096027141;64892090;Voix;RD Congo
31/03/2018;35896672;1293168964;72030818;Voix;RD Congo
30/04/2018;34717366;1246013164;69452416;Voix;RD Congo
31/05/2018;35065628;1349436553;74690013;Voix;RD Congo
30/06/2018;35423619;1376567211;73908543;Voix;RD Congo
31/07/2018;35676222;1466629393;76658891;Voix;RD Congo
31/08/2018;36062626;1473694619;76810243;Voix;RD Congo
30/09/2018;36270268;1346078825;73804701;Voix;RD Congo
31/10/2018;36493817;1372152138;74378483;Voix;RD Congo
30/11/2018;36588037;1284865238;71095203;Voix;RD Congo
31/12/2018;36470600;1228670049;81027670;Voix;RD Congo
31/01/2019;35049762;1058292175;86430840;Voix;RD Congo
28/02/2019;34918034;882761611;71741756;Voix;RD Congo
31/03/2019;34687500;979469953;79238415;Voix;RD Congo
30/04/2019;34734341;955671248;75102018;Voix;RD Congo
31/05/2019;34626496;980678484;77137707;Voix;RD Congo
30/06/2019;35048390;972755829;75998350;Voix;RD Congo
31/07/2019;35615633;1049691801;83334061;Voix;RD Congo
31/08/2019;36065903;1033216753;84534153;Voix;RD Congo
30/09/2019;36481836;1084797586;80664429;Voix;RD Congo
31/10/2019;36776842;1103821353;83441676;Voix;RD Congo
30/11/2019;36766159;1090180757;80063218;Voix;RD Congo
31/12/2019;37123208;1169581902;85674443;Voix;RD Congo
31/01/2020;37248354;1075265864;81219011;Voix;RD Congo
29/02/2020;37713459;1036317621;77481230;Voix;RD Congo
31/03/2020;38073115;1148588415;83982254;Voix;RD Congo
30/04/2020;38085951;1002559722;;Voix;RD Congo
31/05/2020;38013634;1049094418;;Voix;RD Congo
30/06/2020;38545029;1042505922;;Voix;RD Congo
31/07/2020;39209513;1099667597;;Voix;RD Congo
31/08/2020;39641714;1101302393;;Voix;RD Congo
30/09/2020;39895672;1111574675;;Voix;RD Congo
31/10/2020;40103887;1139850033;;Voix;RD Congo
30/11/2020;40276430;1084194041;;Voix;RD Congo
31/12/2020;40798396;1157354374;;Voix;RD Congo
31/01/2021;40931505;1112833819;;Voix;RD Congo
28/02/2021;41287708;1071561788;;Voix;RD Congo
31/03/2021;41595482;1346624521;;Voix;RD Congo
30/04/2021;42741283;1209083860;;Voix;RD Congo
31/05/2021;43684133;1284670154;;Voix;RD Congo
30/06/2021;44786510;1346624521;;Voix;RD Congo
31/07/2021;45510921;1346375882;;Voix;RD Congo
31/08/2021;46386505;1363974508;;Voix;RD Congo
30/09/2021;47199091;1367084273;;Voix;RD Congo
31/10/2021;47534663;1374597467;;Voix;RD Congo
30/11/2021;46847064;1302514796;;Voix;RD Congo
31/12/2021;46885799;1410812337;;Voix;RD Congo
31/01/2022;46924530;1344577578;;Voix;RD Congo
28/02/2022;46821927;1238785046;;Voix;RD Congo
31/03/2022;46645908;1394628212;;Voix;RD Congo
30/04/2022;46159453;1410816888;;Voix;RD Congo
31/05/2022;46358130;1487757262;;Voix;RD Congo
30/06/2022;46876984;1369542536;;Voix;RD Congo
31/07/2022;47650901;1455282356;;Voix;RD Congo
31/08/2022;48071820;1473943685;;Voix;RD Congo
30/09/2022;48449966;1364168505;;Voix;RD Congo
31/10/2022;48852709;1364231404;;Voix;RD Congo
30/11/2022;49295523;1327176751;;Voix;RD Congo
31/12/2022;49844134;1415467317;;Voix;RD Congo
31/01/2023;52618874;1349023894;;Voix;RD Congo
28/02/2023;53075456;1213878682;;Voix;RD Congo
31/03/2023;53674957;1292262241;;Voix;RD Congo
31/01/2013;1071899;;;Voix;Africell
28/02/2013;1281700;;;Voix;Africell
31/03/2013;1294517;;;Voix;Africell
30/04/2013;1308465;;;Voix;Africell
31/05/2013;1340000;;;Voix;Africell
30/06/2013;1497211;;;Voix;Africell
31/07/2013;2609915;;;Voix;Africell
31/08/2013;2807450;;;Voix;Africell
30/09/2013;3005307;;;Voix;Africell
31/10/2013;3189400;;;Voix;Africell
30/11/2013;3361190;;;Voix;Africell
31/12/2013;3703429;;;Voix;Africell
31/01/2014;3854628;;;Voix;Africell
28/02/2014;4103996;;;Voix;Africell
31/03/2014;4375636;;;Voix;Africell
30/04/2014;4569832;;;Voix;Africell
31/05/2014;4815139;;;Voix;Africell
30/06/2014;5299023;;;Voix;Africell
31/07/2014;5528125;;;Voix;Africell
31/08/2014;5553512;;;Voix;Africell
30/09/2014;5623265;;;Voix;Africell
31/10/2014;5824169;;;Voix;Africell
30/11/2014;6308928;;;Voix;Africell
31/12/2014;7029143;113490000;;Voix;Africell
31/01/2015;6828729;107448524;;Voix;Africell
28/02/2015;6503243;93232170;;Voix;Africell
31/03/2015;6104604;105403222;;Voix;Africell
30/04/2015;6222558;112210000;;Voix;Africell
31/05/2015;6427578;111590000;;Voix;Africell
30/06/2015;6349923;108520000;;Voix;Africell
31/07/2015;6401365,225;;;Voix;Africell
31/08/2015;6468976,218;;;Voix;Africell
30/09/2015;6679533;;;Voix;Africell
31/10/2015;6162537,146;;;Voix;Africell
30/11/2015;5610373,818;;;Voix;Africell
31/12/2015;5793411;;;Voix;Africell
31/01/2016;5613815,259;;;Voix;Africell
29/02/2016;5025487,42;;;Voix;Africell
31/03/2016;4386564;;;Voix;Africell
30/04/2016;4078627,207;;;Voix;Africell
31/05/2016;4006843,368;;;Voix;Africell
30/06/2016;4023550;;;Voix;Africell
31/07/2016;4038437,135;;;Voix;Africell
31/08/2016;4057821,633;;;Voix;Africell
30/09/2016;3986302;;;Voix;Africell
31/10/2016;3910562,262;;;Voix;Africell
30/11/2016;3891791,563;;;Voix;Africell
31/12/2016;3856039;;;Voix;Africell
31/01/2017;3780846,24;;;Voix;Africell
28/02/2017;3769881,785;;;Voix;Africell
31/03/2017;3684922;;;Voix;Africell
30/04/2017;3575111,324;;;Voix;Africell
31/05/2017;3500391,498;;;Voix;Africell
30/06/2017;3502309;;;Voix;Africell
31/07/2017;3531378,165;;;Voix;Africell
31/08/2017;3552919,572;;;Voix;Africell
30/09/2017;3554217;;;Voix;Africell
31/10/2017;3554217;;;Voix;Africell
30/11/2017;3546397,723;;;Voix;Africell
31/12/2017;3506850;;;Voix;Africell
31/01/2018;3446532,18;69177747,43;;Voix;Africell
28/02/2018;3467211,373;65596704,06;;Voix;Africell
31/03/2018;3513457;77395548,57;;Voix;Africell
30/04/2018;3593212,474;69424470,82;;Voix;Africell
31/05/2018;3646751,34;75186941,28;;Voix;Africell
30/06/2018;3713197;76698587,89;;Voix;Africell
31/07/2018;3753299,528;83354682,22;;Voix;Africell
31/08/2018;3831368,158;83756228,56;;Voix;Africell
30/09/2018;3867128;76503289,27;;Voix;Africell
31/10/2018;3906959,418;83943444,54;;Voix;Africell
30/11/2018;3942122,053;78603538,82;;Voix;Africell
31/12/2018;3922308;75165714,69;;Voix;Africell
31/01/2019;3857982,149;89107855,9;;Voix;Africell
28/02/2019;3819016,529;74328239,67;;Voix;Africell
31/03/2019;3786919;82471050,52;;Voix;Africell
30/04/2019;3802445,368;84069268,59;;Voix;Africell
31/05/2019;3801684,879;86269125,54;;Voix;Africell
30/06/2019;3810149;85572178,96;;Voix;Africell
31/07/2019;3871873,414;95867614,33;;Voix;Africell
31/08/2019;3940018,386;94362959,77;;Voix;Africell
30/09/2019;4012482;99073800,99;;Voix;Africell
31/10/2019;4031741,914;93166609,66;;Voix;Africell
30/11/2019;4025291,127;92015292,84;;Voix;Africell
31/12/2019;4022009;98717043,5;;Voix;Africell
31/01/2020;4014769,384;88675321,54;;Voix;Africell
29/02/2020;4001119,168;85463327,11;;Voix;Africell
31/03/2020;3978580;94722105,88;;Voix;Africell
30/04/2020;3958462;74989276;;Voix;Africell
31/05/2020;3921314;75455898;;Voix;Africell
30/06/2020;3910794;75276280;;Voix;Africell
31/07/2020;3965894;81343930;;Voix;Africell
31/08/2020;4010105;86458345;;Voix;Africell
30/09/2020;4041836;87175138;;Voix;Africell
31/10/2020;4049301;89519782;;Voix;Africell
30/11/2020;4096145;85176735;;Voix;Africell
31/12/2020;4199258;91097083;;Voix;Africell
31/01/2021;4236414;86996616;;Voix;Africell
28/02/2021;4245543;81165597;;Voix;Africell
31/03/2021;4156213;95331922;;Voix;Africell
30/04/2021;4108984;87168084;;Voix;Africell
31/05/2021;4088199;94447576;;Voix;Africell
30/06/2021;4124999;95331922;;Voix;Africell
31/07/2021;4108984;87168084;;Voix;Africell
31/08/2021;4088199;94447576;;Voix;Africell
30/09/2021;4457192;101743989;;Voix;Africell
31/10/2021;4418811;90092729;;Voix;Africell
30/11/2021;4410125;75766875;;Voix;Africell
31/12/2021;4562498;89780406;;Voix;Africell
31/01/2022;4575231;77431205;;Voix;Africell
28/02/2022;4598772;74632377;;Voix;Africell
31/03/2022;4479504;85735144;;Voix;Africell
30/04/2022;3731719;86900349;;Voix;Africell
31/05/2022;3642799;84136640;;Voix;Africell
30/06/2022;3564179;88089326;;Voix;Africell
31/07/2022;4530066;92102227;;Voix;Africell
31/08/2022;4511916;92996656;;Voix;Africell
30/09/2022;4189732;68158000;;Voix;Africell
31/10/2022;3933076;65567116;;Voix;Africell
30/11/2022;3823695;62854764;;Voix;Africell
31/12/2022;3828030;66362964;;Voix;Africell
31/01/2023;3731719;58882460;;Voix;Africell
28/02/2023;3642799;51273360;;Voix;Africell
31/03/2023;3564179;52822564;;Voix;Africell
31/01/2013;7653649;;;Voix;Airtel
28/02/2013;7654589;;;Voix;Airtel
31/03/2013;7679809;;;Voix;Airtel
30/04/2013;7773426;;;Voix;Airtel
31/05/2013;7783944;;;Voix;Airtel
30/06/2013;7880556;;;Voix;Airtel
31/07/2013;9334797;;;Voix;Airtel
31/08/2013;9769280;;;Voix;Airtel
30/09/2013;9721643;;;Voix;Airtel
31/10/2013;9973166;;;Voix;Airtel
30/11/2013;9968486;;;Voix;Airtel
31/12/2013;10215888;;;Voix;Airtel
31/01/2014;8629539;;;Voix;Airtel
28/02/2014;8235782;;;Voix;Airtel
31/03/2014;8224656;;;Voix;Airtel
30/04/2014;8285666;;;Voix;Airtel
31/05/2014;8532917;;;Voix;Airtel
30/06/2014;8784477;;;Voix;Airtel
31/07/2014;8702931;;;Voix;Airtel
31/08/2014;8639738;;;Voix;Airtel
30/09/2014;8552925;;;Voix;Airtel
31/10/2014;8695003;;;Voix;Airtel
30/11/2014;8653154;;;Voix;Airtel
31/12/2014;8597012;420692605;;Voix;Airtel
31/01/2015;8507503;432691161;;Voix;Airtel
28/02/2015;8437959;335096100;;Voix;Airtel
31/03/2015;8145804;382187793;;Voix;Airtel
30/04/2015;8027041;410140093;;Voix;Airtel
31/05/2015;7856070;422584739;;Voix;Airtel
30/06/2015;7774244;413317525;;Voix;Airtel
31/07/2015;7915175,896;;;Voix;Airtel
31/08/2015;8117321,119;;;Voix;Airtel
30/09/2015;8495934;;;Voix;Airtel
31/10/2015;8393982,792;;;Voix;Airtel
30/11/2015;8132090,529;;;Voix;Airtel
31/12/2015;8141458;;;Voix;Airtel
31/01/2016;7884187,927;;;Voix;Airtel
29/02/2016;7508112,163;;;Voix;Airtel
31/03/2016;7191556;;;Voix;Airtel
30/04/2016;6956392,119;;;Voix;Airtel
31/05/2016;6245448,844;;;Voix;Airtel
30/06/2016;6244481;;;Voix;Airtel
31/07/2016;6292563,504;;;Voix;Airtel
31/08/2016;6271798,044;;;Voix;Airtel
30/09/2016;6406366;;;Voix;Airtel
31/10/2016;6542180,959;;;Voix;Airtel
30/11/2016;6610873,859;;;Voix;Airtel
31/12/2016;6763639;;;Voix;Airtel
31/01/2017;6879297,227;;;Voix;Airtel
28/02/2017;6959097,075;;;Voix;Airtel
31/03/2017;7093333;;;Voix;Airtel
30/04/2017;7227396,994;;;Voix;Airtel
31/05/2017;7421091,233;;;Voix;Airtel
30/06/2017;7552880;;;Voix;Airtel
31/07/2017;7672215,504;;;Voix;Airtel
31/08/2017;7735127,671;;;Voix;Airtel
30/09/2017;8546830;;;Voix;Airtel
31/10/2017;8822037,926;;;Voix;Airtel
30/11/2017;9063761,765;;;Voix;Airtel
31/12/2017;9281863;;;Voix;Airtel
31/01/2018;9442439,23;288211351,5;;Voix;Airtel
28/02/2018;9576521,867;273291852,3;;Voix;Airtel
31/03/2018;9709205;322448713,4;;Voix;Airtel
30/04/2018;8229522,158;347726479,4;;Voix;Airtel
31/05/2018;8295358,335;376588976,2;;Voix;Airtel
30/06/2018;8241268;384160363,4;;Voix;Airtel
31/07/2018;8226433,718;399632784;;Voix;Airtel
31/08/2018;8256048,879;401557943,8;;Voix;Airtel
30/09/2018;8147744;366784704,4;;Voix;Airtel
31/10/2018;8090709,792;338086218,5;;Voix;Airtel
30/11/2018;8056728,811;316579494;;Voix;Airtel
31/12/2018;8069969;302733493,7;;Voix;Airtel
31/01/2019;7986041,322;249134095,5;;Voix;Airtel
28/02/2019;7932534,846;207812190,9;;Voix;Airtel
31/03/2019;7865154;230578441,9;;Voix;Airtel
30/04/2019;8340995,817;212076418,3;;Voix;Airtel
31/05/2019;8330986,622;217625863,3;;Voix;Airtel
30/06/2019;8368434;215867718,6;;Voix;Airtel
31/07/2019;8473876,268;227025516,9;;Voix;Airtel
31/08/2019;8570478,458;223462322,2;;Voix;Airtel
30/09/2019;8708282;234618135,1;;Voix;Airtel
31/10/2019;8856322,794;224679687,4;;Voix;Airtel
30/11/2019;9095443,509;221903183;;Voix;Airtel
31/12/2019;9300570;238065059,6;;Voix;Airtel
31/01/2020;9470770,431;215178427,9;;Voix;Airtel
29/02/2020;9656397,531;207384242,3;;Voix;Airtel
31/03/2020;9723260;229851479,2;;Voix;Airtel
30/04/2020;9718715;206755242;;Voix;Airtel
31/05/2020;9820543;217560365;;Voix;Airtel
30/06/2020;9890014;219004967;;Voix;Airtel
31/07/2020;10113043;239663611;;Voix;Airtel
31/08/2020;10307184;250327665;;Voix;Airtel
30/09/2020;10465370;256373966;;Voix;Airtel
31/10/2020;10526650;270215790;;Voix;Airtel
30/11/2020;10543238;255945618;;Voix;Airtel
31/12/2020;10583837;279284773;;Voix;Airtel
31/01/2021;10658563;267658024;;Voix;Airtel
28/02/2021;10908722;255513463;;Voix;Airtel
31/03/2021;11265306;375403968;;Voix;Airtel
30/04/2021;11671155;318237507;;Voix;Airtel
31/05/2021;12069710;349057336;;Voix;Airtel
30/06/2021;12517987;375403968;;Voix;Airtel
31/07/2021;13018105;353375457;;Voix;Airtel
31/08/2021;13245308;351081456;;Voix;Airtel
30/09/2021;13410521;337513326;;Voix;Airtel
31/10/2021;13501438;345700785;;Voix;Airtel
30/11/2021;13519679;341271689;;Voix;Airtel
31/12/2021;13386208;372681758;;Voix;Airtel
31/01/2022;13333032;354388520;;Voix;Airtel
28/02/2022;13483130;332334650;;Voix;Airtel
31/03/2022;13534448;377554671;;Voix;Airtel
30/04/2022;13534302;380219301;;Voix;Airtel
31/05/2022;13354790;402722659;;Voix;Airtel
30/06/2022;13235968;389129718;;Voix;Airtel
31/07/2022;12677448;404671072;;Voix;Airtel
31/08/2022;12708922;406136782;;Voix;Airtel
30/09/2022;12958149;393401918;;Voix;Airtel
31/10/2022;13211762;410309962;;Voix;Airtel
30/11/2022;13609832;393155834;;Voix;Airtel
31/12/2022;13934147;427902862;;Voix;Airtel
31/01/2023;14149178;401770336;;Voix;Airtel
28/02/2023;14461896;366795307;;Voix;Airtel
31/03/2023;14763426;389507159;;Voix;Airtel
31/01/2013;1833199;;;Voix;Orange
28/02/2013;1798901;;;Voix;Orange
31/03/2013;1800585;;;Voix;Orange
30/04/2013;1792507;;;Voix;Orange
31/05/2013;1766750;;;Voix;Orange
30/06/2013;1754829;;;Voix;Orange
31/07/2013;2590682;;;Voix;Orange
31/08/2013;2669296;;;Voix;Orange
30/09/2013;2746024;;;Voix;Orange
31/10/2013;2841756;;;Voix;Orange
30/11/2013;2869241;;;Voix;Orange
31/12/2013;2670953;;;Voix;Orange
31/01/2014;2608359;;;Voix;Orange
28/02/2014;2552534;;;Voix;Orange
31/03/2014;2633000;;;Voix;Orange
30/04/2014;2736985;;;Voix;Orange
31/05/2014;2843218;;;Voix;Orange
30/06/2014;2843218;;;Voix;Orange
31/07/2014;3220263;;;Voix;Orange
31/08/2014;3513996;;;Voix;Orange
30/09/2014;3751694;;;Voix;Orange
31/10/2014;3975360;;;Voix;Orange
30/11/2014;4143069;;;Voix;Orange
31/12/2014;4299589;330000000;;Voix;Orange
31/01/2015;4429726;329982953;;Voix;Orange
28/02/2015;4513141;320514022;;Voix;Orange
31/03/2015;4557617;227302602;;Voix;Orange
30/04/2015;5003369;218478083;;Voix;Orange
31/05/2015;5248023;236236521;;Voix;Orange
30/06/2015;5434157;241355597;;Voix;Orange
31/07/2015;5693905,967;;;Voix;Orange
31/08/2015;5792532,791;;;Voix;Orange
30/09/2015;5868219;;;Voix;Orange
31/10/2015;5887584,123;;;Voix;Orange
30/11/2015;5861089,994;;;Voix;Orange
31/12/2015;5787539;;;Voix;Orange
31/01/2016;5461121,8;;;Voix;Orange
29/02/2016;5197349,617;;;Voix;Orange
31/03/2016;4686016;;;Voix;Orange
30/04/2016;8044015,066;;;Voix;Orange
31/05/2016;8391516,516;;;Voix;Orange
30/06/2016;8540722;;;Voix;Orange
31/07/2016;8509975,401;;;Voix;Orange
31/08/2016;8761870,673;;;Voix;Orange
30/09/2016;8738453;;;Voix;Orange
31/10/2016;8488533,244;;;Voix;Orange
30/11/2016;8518243,111;;;Voix;Orange
31/12/2016;8567222;;;Voix;Orange
31/01/2017;8764268,106;;;Voix;Orange
28/02/2017;8881709,299;;;Voix;Orange
31/03/2017;8932417;;;Voix;Orange
30/04/2017;8942242,659;;;Voix;Orange
31/05/2017;9154173,81;;;Voix;Orange
30/06/2017;9451260;;;Voix;Orange
31/07/2017;9608150,916;;;Voix;Orange
31/08/2017;9724409,542;;;Voix;Orange
30/09/2017;9975121;;;Voix;Orange
31/10/2017;10225496,54;;;Voix;Orange
30/11/2017;10375811,34;;;Voix;Orange
31/12/2017;10595396;;;Voix;Orange
31/01/2018;10630360,81;386859912,6;;Voix;Orange
28/02/2018;10673945,29;366833788,9;;Voix;Orange
31/03/2018;10853402;432815988,8;;Voix;Orange
30/04/2018;10904412,99;399966479,2;;Voix;Orange
31/05/2018;10993829,18;433165076,1;;Voix;Orange
30/06/2018;11190511;441873935,7;;Voix;Orange
31/07/2018;11263249,32;486478067,9;;Voix;Orange
31/08/2018;11365744,89;488821589,4;;Voix;Orange
30/09/2018;11454837;446491683;;Voix;Orange
31/10/2018;11561366,98;462528478;;Voix;Orange
30/11/2018;11618017,68;433105591,2;;Voix;Orange
31/12/2018;11648338;414163176,2;;Voix;Orange
31/01/2019;10761899,48;295838430,6;;Voix;Orange
28/02/2019;10829699,44;246770046,9;;Voix;Orange
31/03/2019;10855166;273804210,8;;Voix;Orange
30/04/2019;10297210,47;277133728,6;;Voix;Orange
31/05/2019;10329131,82;284385541;;Voix;Orange
30/06/2019;10522023;282088061,7;;Voix;Orange
31/07/2019;10710367,21;311729545,9;;Voix;Orange
31/08/2019;10766061,12;306836910,5;;Voix;Orange
30/09/2019;10783477;322154996,9;;Voix;Orange
31/10/2019;10814749,08;324949146,9;;Voix;Orange
30/11/2019;10430825,49;320933551,4;;Voix;Orange
31/12/2019;10398435;344308107,7;;Voix;Orange
31/01/2020;10587686,52;317393277,7;;Voix;Orange
29/02/2020;10659682,79;305896669,4;;Voix;Orange
31/03/2020;10529136;339036376;;Voix;Orange
30/04/2020;10607058;290558718;;Voix;Orange
31/05/2020;10457582;308516473;;Voix;Orange
30/06/2020;10834808;303220034;;Voix;Orange
31/07/2020;11030032;307838685;;Voix;Orange
31/08/2020;11012630;281243643;;Voix;Orange
30/09/2020;10918424;279576027;;Voix;Orange
31/10/2020;10917776;282388707;;Voix;Orange
30/11/2020;10918977;275848567;;Voix;Orange
31/12/2020;11197168;280302485;;Voix;Orange
31/01/2021;11132428;272052942;;Voix;Orange
28/02/2021;11071267;278911846;;Voix;Orange
31/03/2021;10994434;364856576;;Voix;Orange
30/04/2021;11709020;319900152;;Voix;Orange
31/05/2021;12148908;342980370;;Voix;Orange
30/06/2021;12607078;364856576;;Voix;Orange
31/07/2021;12562382;397998891;;Voix;Orange
31/08/2021;12719781;401387437;;Voix;Orange
30/09/2021;12551565;408573717;;Voix;Orange
31/10/2021;12567227;424039613;;Voix;Orange
30/11/2021;12918464;397651309;;Voix;Orange
31/12/2021;13063770;426698707;;Voix;Orange
31/01/2022;13315252;416638682;;Voix;Orange
28/02/2022;13167250;384896260;;Voix;Orange
31/03/2022;13119976;422275721;;Voix;Orange
30/04/2022;13193099;441890857;;Voix;Orange
31/05/2022;13451618;459325535;;Voix;Orange
30/06/2022;14057409;390315845;;Voix;Orange
31/07/2022;14341198;428147128;;Voix;Orange
31/08/2022;14775681;440655020;;Voix;Orange
30/09/2022;15193132;409875102;;Voix;Orange
31/10/2022;15366822;397806836;;Voix;Orange
30/11/2022;15306374;390724368;;Voix;Orange
31/12/2022;15169420;398979335;;Voix;Orange
31/01/2023;14729630;376877485;;Voix;Orange
28/02/2023;14487337;326478108;;Voix;Orange
31/03/2023;14247889;327710362;;Voix;Orange
31/01/2013;7296066;;;Voix;Vodacom
28/02/2013;7150438;;;Voix;Vodacom
31/03/2013;7597120;;;Voix;Vodacom
30/04/2013;7921462;;;Voix;Vodacom
31/05/2013;8101973;;;Voix;Vodacom
30/06/2013;8310725;;;Voix;Vodacom
31/07/2013;8359882;;;Voix;Vodacom
31/08/2013;8565753;;;Voix;Vodacom
30/09/2013;8789794;;;Voix;Vodacom
31/10/2013;9000237;;;Voix;Vodacom
30/11/2013;9177802;;;Voix;Vodacom
31/12/2013;9334379;;;Voix;Vodacom
31/01/2014;9422361;;;Voix;Vodacom
28/02/2014;9627257;;;Voix;Vodacom
31/03/2014;10008144;;;Voix;Vodacom
30/04/2014;10180654;;;Voix;Vodacom
31/05/2014;10341655;;;Voix;Vodacom
30/06/2014;10501711;;;Voix;Vodacom
31/07/2014;10620164;;;Voix;Vodacom
31/08/2014;10756116;;;Voix;Vodacom
30/09/2014;11003239;;;Voix;Vodacom
31/10/2014;11188618;;;Voix;Vodacom
30/11/2014;11371557;;;Voix;Vodacom
31/12/2014;11493215;490870231;;Voix;Vodacom
31/01/2015;11329304;377552317;;Voix;Vodacom
28/02/2015;11235234;348939845;;Voix;Vodacom
31/03/2015;11216020;385363565;;Voix;Vodacom
30/04/2015;10180686;349845933;;Voix;Vodacom
31/05/2015;11725402;400568260;;Voix;Vodacom
30/06/2015;11921992;422374627;;Voix;Vodacom
31/07/2015;11840433,72;;;Voix;Vodacom
31/08/2015;12055465,9;;;Voix;Vodacom
30/09/2015;12118416;;;Voix;Vodacom
31/10/2015;11981477,9;;;Voix;Vodacom
30/11/2015;11763415;;;Voix;Vodacom
31/12/2015;11814326;;;Voix;Vodacom
31/01/2016;11491794,9;;;Voix;Vodacom
29/02/2016;11491794,9;;;Voix;Vodacom
31/03/2016;8527483;;;Voix;Vodacom
30/04/2016;8445619,163;;;Voix;Vodacom
31/05/2016;8534298,164;;;Voix;Vodacom
30/06/2016;8485699;;;Voix;Vodacom
31/07/2016;8610438,775;;;Voix;Vodacom
31/08/2016;8909221,001;;;Voix;Vodacom
30/09/2016;9204382;;;Voix;Vodacom
31/10/2016;9395833,146;;;Voix;Vodacom
30/11/2016;9564018,559;;;Voix;Vodacom
31/12/2016;9702417;;;Voix;Vodacom
31/01/2017;9854744,947;;;Voix;Vodacom
28/02/2017;10067607,44;;;Voix;Vodacom
31/03/2017;10388319;;;Voix;Vodacom
30/04/2017;10549337,94;;;Voix;Vodacom
31/05/2017;10693863,87;;;Voix;Vodacom
30/06/2017;10791909;;;Voix;Vodacom
31/07/2017;10975371,45;;;Voix;Vodacom
31/08/2017;11156465,08;;;Voix;Vodacom
30/09/2017;11453340;;;Voix;Vodacom
31/10/2017;11743109,5;;;Voix;Vodacom
30/11/2017;12001457,91;;;Voix;Vodacom
31/12/2017;11982438;;;Voix;Vodacom
31/01/2018;11638542,03;411612244,4;;Voix;Vodacom
28/02/2018;11703717,86;390304795,7;;Voix;Vodacom
31/03/2018;11820608;460508713,2;;Voix;Vodacom
30/04/2018;11989642,69;428895734,6;;Voix;Vodacom
31/05/2018;12128722,55;464495559,5;;Voix;Vodacom
30/06/2018;12278643;473834323,9;;Voix;Vodacom
31/07/2018;12433353,9;497163858,8;;Voix;Vodacom
31/08/2018;12609907,53;499558857,2;;Voix;Vodacom
30/09/2018;12800559;456299148,3;;Voix;Vodacom
31/10/2018;12934964,87;487593997;;Voix;Vodacom
30/11/2018;12971182,77;456576614;;Voix;Vodacom
31/12/2018;12829985;436607664,4;;Voix;Vodacom
31/01/2019;12443802,45;424211793;;Voix;Vodacom
28/02/2019;12336785,75;353851133,6;;Voix;Vodacom
31/03/2019;12180261;392616249,8;;Voix;Vodacom
30/04/2019;12293537,43;382391832,5;;Voix;Vodacom
31/05/2019;12164455,28;392397954,2;;Voix;Vodacom
30/06/2019;12347784;389227869,7;;Voix;Vodacom
31/07/2019;12977520,98;415069123,8;;Voix;Vodacom
31/08/2019;12789346,93;408554560,5;;Voix;Vodacom
30/09/2019;12977595;428950653,1;;Voix;Vodacom
31/10/2019;13215084,99;461025909;;Voix;Vodacom
30/11/2019;13215084,99;455328729,7;;Voix;Vodacom
31/12/2019;13402194;488491691,2;;Voix;Vodacom
31/01/2020;13513432,21;454018836,8;;Voix;Vodacom
29/02/2020;13625593,7;437573382,2;;Voix;Vodacom
31/03/2020;13765935;484978453,8;;Voix;Vodacom
30/04/2020;13801716;430256486;;Voix;Vodacom
31/05/2020;13814195;447561682;;Voix;Vodacom
30/06/2020;13909413;445004641;;Voix;Vodacom
31/07/2020;14100544;470821371;;Voix;Vodacom
31/08/2020;14311795;483272740;;Voix;Vodacom
30/09/2020;14470042;488449544;;Voix;Vodacom
31/10/2020;14610160;497725754;;Voix;Vodacom
30/11/2020;14718070;467223121;;Voix;Vodacom
31/12/2020;14818133;506670033;;Voix;Vodacom
31/01/2021;14904100;486126237;;Voix;Vodacom
28/02/2021;15062176;455970882;;Voix;Vodacom
31/03/2021;15179529;511032055;;Voix;Vodacom
30/04/2021;15252124;483778117;;Voix;Vodacom
31/05/2021;15377316;498184872;;Voix;Vodacom
30/06/2021;15536446;511032055;;Voix;Vodacom
31/07/2021;15821450;507833450;;Voix;Vodacom
31/08/2021;16333217;517058039;;Voix;Vodacom
30/09/2021;16779813;519253241;;Voix;Vodacom
31/10/2021;17047187;514764340;;Voix;Vodacom
30/11/2021;15998796;487824923;;Voix;Vodacom
31/12/2021;15873323;521651466;;Voix;Vodacom
31/01/2022;15701015;496119171;;Voix;Vodacom
28/02/2022;15572775;446921759;;Voix;Vodacom
31/03/2022;15511980;509062676;;Voix;Vodacom
30/04/2022;15700333;501806381;;Voix;Vodacom
31/05/2022;15908923;541572428;;Voix;Vodacom
30/06/2022;16019428;502007647;;Voix;Vodacom
31/07/2022;16102189;530361929;;Voix;Vodacom
31/08/2022;16075301;534155227;;Voix;Vodacom
30/09/2022;16108953;492733485;;Voix;Vodacom
31/10/2022;16341049;490547490;;Voix;Vodacom
30/11/2022;16555622;480441785;;Voix;Vodacom
31/12/2022;16912537;522222156;;Voix;Vodacom
31/01/2023;20008347;511493613;;Voix;Vodacom
28/02/2023;20483424;469331907;;Voix;Vodacom
31/03/2023;21099463;522222156;;Voix;Vodacom
31/01/2013;2993856;;;Voix;Tigo
28/02/2013;2962336;;;Voix;Tigo
31/03/2013;2935742;;;Voix;Tigo
30/04/2013;2900747;;;Voix;Tigo
31/05/2013;2892835;;;Voix;Tigo
30/06/2013;2964026;;;Voix;Tigo
31/07/2013;3234107;;;Voix;Tigo
31/08/2013;3459123;;;Voix;Tigo
30/09/2013;3632605;;;Voix;Tigo
31/10/2013;3740180;;;Voix;Tigo
30/11/2013;3790954;;;Voix;Tigo
31/12/2013;3854300;;;Voix;Tigo
31/01/2014;4434976;;;Voix;Tigo
28/02/2014;4516995;;;Voix;Tigo
31/03/2014;4570250;;;Voix;Tigo
30/04/2014;4651238;;;Voix;Tigo
31/05/2014;4718610;;;Voix;Tigo
30/06/2014;4771267;;;Voix;Tigo
31/07/2014;4865476;;;Voix;Tigo
31/08/2014;5126083;;;Voix;Tigo
30/09/2014;5446824;;;Voix;Tigo
31/10/2014;5591468;;;Voix;Tigo
30/11/2014;5623007;;;Voix;Tigo
31/12/2014;5683999;131310191;;Voix;Tigo
31/01/2015;6203755;124345984;;Voix;Tigo
28/02/2015;5879171;119590597;;Voix;Tigo
31/03/2015;5490724;112394142;;Voix;Tigo
30/04/2015;5433192;168989454;;Voix;Tigo
31/05/2015;5594601;183278876;;Voix;Tigo
30/06/2015;5893787;196580309;;Voix;Tigo
31/07/2015;6188366,739;;;Voix;Tigo
31/08/2015;6441762,976;;;Voix;Tigo
30/09/2015;6584638;;;Voix;Tigo
31/10/2015;6651142,844;;;Voix;Tigo
30/11/2015;6427664,444;;;Voix;Tigo
31/12/2015;6216048;;;Voix;Tigo
31/01/2016;5393664,85;;;Voix;Tigo
29/02/2016;4875873,024;;;Voix;Tigo
31/03/2016;4519402;;;Voix;Tigo
30/04/2016;;;;Voix;Tigo
31/05/2016;;;;Voix;Tigo
30/06/2016;;;;Voix;Tigo
31/07/2016;;;;Voix;Tigo
31/08/2016;;;;Voix;Tigo
30/09/2016;;;;Voix;Tigo
31/10/2016;;;;Voix;Tigo
30/11/2016;;;;Voix;Tigo
31/12/2016;;;;Voix;Tigo
31/01/2017;;;;Voix;Tigo
28/02/2017;;;;Voix;Tigo
31/03/2017;;;;Voix;Tigo
30/04/2017;;;;Voix;Tigo
31/05/2017;;;;Voix;Tigo
30/06/2017;;;;Voix;Tigo
31/07/2017;;;;Voix;Tigo
31/08/2017;;;;Voix;Tigo
30/09/2017;;;;Voix;Tigo
31/10/2017;;;;Voix;Tigo
30/11/2017;;;;Voix;Tigo
31/12/2017;;;;Voix;Tigo
31/01/2018;;;;Voix;Tigo
28/02/2018;;;;Voix;Tigo
31/03/2018;;;;Voix;Tigo
30/04/2018;;;;Voix;Tigo
31/05/2018;;;;Voix;Tigo
30/06/2018;;;;Voix;Tigo
31/07/2018;;;;Voix;Tigo
31/08/2018;;;;Voix;Tigo
30/09/2018;;;;Voix;Tigo
31/10/2018;;;;Voix;Tigo
30/11/2018;;;;Voix;Tigo
31/12/2018;;;;Voix;Tigo
31/01/2019;;;;Voix;Tigo
28/02/2019;;;;Voix;Tigo
31/03/2019;;;;Voix;Tigo
30/04/2019;;;;Voix;Tigo
31/05/2019;;;;Voix;Tigo
30/06/2019;;;;Voix;Tigo
31/07/2019;;;;Voix;Tigo
31/08/2019;;;;Voix;Tigo
30/09/2019;;;;Voix;Tigo
31/10/2019;;;;Voix;Tigo
30/11/2019;;;;Voix;Tigo
31/12/2019;;;;Voix;Tigo
31/01/2020;;;;Voix;Tigo
29/02/2020;;;;Voix;Tigo
31/03/2020;;;;Voix;Tigo
30/04/2020;;;;Voix;Tigo
31/05/2020;;;;Voix;Tigo
30/06/2020;;;;Voix;Tigo
31/07/2020;;;;Voix;Tigo
31/08/2020;;;;Voix;Tigo
30/09/2020;;;;Voix;Tigo
31/10/2020;;;;Voix;Tigo
30/11/2020;;;;Voix;Tigo
31/12/2020;;;;Voix;Tigo
31/01/2021;;;;Voix;Tigo
28/02/2021;;;;Voix;Tigo
31/03/2021;;;;Voix;Tigo
30/04/2021;;;;Voix;Tigo
31/05/2021;;;;Voix;Tigo
30/06/2021;;;;Voix;Tigo
31/07/2021;;;;Voix;Tigo
31/08/2021;;;;Voix;Tigo
30/09/2021;;;;Voix;Tigo
31/10/2021;;;;Voix;Tigo
30/11/2021;;;;Voix;Tigo
31/12/2021;;;;Voix;Tigo
31/01/2022;;;;Voix;Tigo
28/02/2022;;;;Voix;Tigo
31/03/2022;;;;Voix;Tigo
30/04/2022;;;;Voix;Tigo
31/05/2022;;;;Voix;Tigo
30/06/2022;;;;Voix;Tigo
31/07/2022;;;;Voix;Tigo
31/08/2022;;;;Voix;Tigo
30/09/2022;;;;Voix;Tigo
31/10/2022;;;;Voix;Tigo
30/11/2022;;;;Voix;Tigo
31/12/2022;;;;Voix;Tigo
31/01/2023;;;;Voix;Tigo
28/02/2023;;;;Voix;Tigo
31/03/2023;;;;Voix;Tigo
31/01/2013;991241,0957;;1205620;Data;RD Congo
28/02/2013;991207,5768;;1645298;Data;RD Congo
31/03/2013;1013069;;1654102;Data;RD Congo
30/04/2013;1330382;;1572659;Data;RD Congo
31/05/2013;1455426;;1467269;Data;RD Congo
30/06/2013;1451824;;915728;Data;RD Congo
31/07/2013;1398722;;2464030;Data;RD Congo
31/08/2013;1510317;;2463924;Data;RD Congo
30/09/2013;1758994;;2744418;Data;RD Congo
31/10/2013;1812552,334;;3223745;Data;RD Congo
30/11/2013;1839221,214;;3271456;Data;RD Congo
31/12/2013;2167631;;3568505;Data;RD Congo
31/01/2014;4395834;;3403504;Data;RD Congo
28/02/2014;4191364;;3477931;Data;RD Congo
31/03/2014;4637925;;3752888;Data;RD Congo
30/04/2014;4607583;;6306364;Data;RD Congo
31/05/2014;4644925;;6251246;Data;RD Congo
30/06/2014;4576842;;6530650;Data;RD Congo
31/07/2014;4930463;;8023200;Data;RD Congo
31/08/2014;5048755;;7794027;Data;RD Congo
30/09/2014;5289334;;7720145;Data;RD Congo
31/10/2014;6039600;;8022894;Data;RD Congo
30/11/2014;5336789;;7889581;Data;RD Congo
31/12/2014;5505297;;8435988;Data;RD Congo
31/01/2015;4872095;;5935366;Data;RD Congo
28/02/2015;4811084;;6519254;Data;RD Congo
31/03/2015;5600923;;8722450;Data;RD Congo
30/04/2015;5259640;;8312521;Data;RD Congo
31/05/2015;6121434;;9082423;Data;RD Congo
30/06/2015;6264465;;9756256;Data;RD Congo
31/07/2015;4852113;;11201282;Data;RD Congo
31/08/2015;5081960;;11257505;Data;RD Congo
30/09/2015;5170685;;11066425;Data;RD Congo
31/10/2015;5920444;;12486581;Data;RD Congo
30/11/2015;6051159;;11285772;Data;RD Congo
31/12/2015;6212588;;12275299;Data;RD Congo
31/01/2016;5593778;;11585313;Data;RD Congo
29/02/2016;5268206;;11023792;Data;RD Congo
31/03/2016;5550083;;11723085;Data;RD Congo
30/04/2016;6080567;;11537376;Data;RD Congo
31/05/2016;6128448;;12054065;Data;RD Congo
30/06/2016;6183537;;13439229;Data;RD Congo
31/07/2016;6554160;;14458468;Data;RD Congo
31/08/2016;6877622;;12779308;Data;RD Congo
30/09/2016;10516599;;12734749;Data;RD Congo
31/10/2016;10702764;;13927688;Data;RD Congo
30/11/2016;10689760;;14898119;Data;RD Congo
31/12/2016;10379977;;14884828;Data;RD Congo
31/01/2017;10673176;;16090796;Data;RD Congo
28/02/2017;11014591;;14903747;Data;RD Congo
31/03/2017;11408417;1735510930;15640656;Data;RD Congo
30/04/2017;12076281;1807566213;15536937;Data;RD Congo
31/05/2017;11550284;1914372159;15901168;Data;RD Congo
30/06/2017;11719874,39;2036590314;16033727;Data;RD Congo
31/07/2017;11811710;2054629859;14845699;Data;RD Congo
31/08/2017;12018024;2000235196;16465537;Data;RD Congo
30/09/2017;12159444,3;1999564950;12400886;Data;RD Congo
31/10/2017;13025970;2121916306;17145218;Data;RD Congo
30/11/2017;13198592;2288135158;17538395;Data;RD Congo
31/12/2017;13198592;2400419086;17819419;Data;RD Congo
31/01/2018;13264208;2404045807;17015756;Data;RD Congo
28/02/2018;13469765;2465778330;16520456;Data;RD Congo
31/03/2018;14189389,21;2926658232;19424953;Data;RD Congo
30/04/2018;13597710;3077179256;18990041;Data;RD Congo
31/05/2018;13408666;3239826043;20047795;Data;RD Congo
30/06/2018;13414013;3505502397;20038146;Data;RD Congo
31/07/2018;13631381;3800874548;18659480;Data;RD Congo
31/08/2018;13524528;4055155482;19726014;Data;RD Congo
30/09/2018;13414013;4028359227;19057328;Data;RD Congo
31/10/2018;13498251;4406958616;19943924;Data;RD Congo
30/11/2018;13398101;4454201375;20010237;Data;RD Congo
31/12/2018;13360051;4810306725;21305929;Data;RD Congo
31/01/2019;9499501;2065933887;11081247;Data;RD Congo
28/02/2019;12555718;4632790799;19789513;Data;RD Congo
31/03/2019;14360368;5292274356;22762630;Data;RD Congo
30/04/2019;13285314;5603840590;23706769;Data;RD Congo
31/05/2019;13626406;6097828874;24421674;Data;RD Congo
30/06/2019;15116636;6680081777;24816564;Data;RD Congo
31/07/2019;15614924;7387442726;26673074;Data;RD Congo
31/08/2019;15959342;7509250727;28385244;Data;RD Congo
30/09/2019;16295271;7332910801;26472153;Data;RD Congo
31/10/2019;16520573;9203557246;24954907;Data;RD Congo
30/11/2019;16527575;9472628234;24393181;Data;RD Congo
31/12/2019;18950021;10246614408;25551785;Data;RD Congo
31/01/2020;17437525;9388350528;28000323;Data;RD Congo
29/02/2020;17349187;9654203669;26531493;Data;RD Congo
31/03/2020;19593240;12025805139;30036840;Data;RD Congo
30/04/2020;19094346;12643297995;28520446;Data;RD Congo
31/05/2020;17449908;12215696066;28406808;Data;RD Congo
30/06/2020;17726065;13379396681;27688816;Data;RD Congo
31/07/2020;19838449;14460674432;28446704;Data;RD Congo
31/08/2020;20374617;14347956431;28645658;Data;RD Congo
30/09/2020;20712601;14547470701;29364652;Data;RD Congo
31/10/2020;20864820;15390956144;30699102;Data;RD Congo
30/11/2020;20717152;15866037144;29917389;Data;RD Congo
31/12/2020;20878176;18004154919;34116333;Data;RD Congo
31/01/2021;21137916;19098077109;33060748;Data;RD Congo
28/02/2021;26822149;17838591613;31350305;Data;RD Congo
31/03/2021;22779328;22868142738;34654786;Data;RD Congo
30/04/2021;22046625;20096276472;33201919;Data;RD Congo
31/05/2021;22420309;22021850913;34522129;Data;RD Congo
30/06/2021;22781328;22868142738;34654786;Data;RD Congo
31/07/2021;22764197;24393393873;37034760;Data;RD Congo
31/08/2021;23255210;26156167959;38679738;Data;RD Congo
30/09/2021;23281184;26788380932;39624476;Data;RD Congo
31/10/2021;23428854;28260849980;41731826;Data;RD Congo
30/11/2021;23307668;28674420344;41325630;Data;RD Congo
31/12/2021;23127061;30597448856;44320422;Data;RD Congo
31/01/2022;22281932;33192028589;43436126;Data;RD Congo
28/02/2022;23101080;30385428429;39807912;Data;RD Congo
31/03/2022;23600845;34860437003;45608306;Data;RD Congo
30/04/2022;23652874;35479285291;45878879;Data;RD Congo
31/05/2022;23993809;37413080113;48493691;Data;RD Congo
30/06/2022;22633052;39267258056;49853991;Data;RD Congo
31/07/2022;22735246;42981416284;53136001;Data;RD Congo
31/08/2022;22317041;44973470764;54499724;Data;RD Congo
30/09/2022;22615726;44415551988;52934982;Data;RD Congo
31/10/2022;26164140;46441437991;53487313;Data;RD Congo
30/11/2022;26100010;45944277854;52531779;Data;RD Congo
31/12/2022;25935100;49729323251;54585042;Data;RD Congo
31/01/2023;25949409;52223165749;55022038;Data;RD Congo
28/02/2023;26457694;49123252820;50747184;Data;RD Congo
31/03/2023;28188471;48875814990;62019690;Data;RD Congo
31/01/2013;;;;Data;Africell
28/02/2013;;;;Data;Africell
31/03/2013;;;;Data;Africell
30/04/2013;;;;Data;Africell
31/05/2013;;;;Data;Africell
30/06/2013;;;;Data;Africell
31/07/2013;;;;Data;Africell
31/08/2013;;;;Data;Africell
30/09/2013;;;;Data;Africell
31/10/2013;;;;Data;Africell
30/11/2013;;;;Data;Africell
31/12/2013;;;;Data;Africell
31/01/2014;;;;Data;Africell
28/02/2014;;;;Data;Africell
31/03/2014;;;;Data;Africell
30/04/2014;;;;Data;Africell
31/05/2014;;;;Data;Africell
30/06/2014;;;;Data;Africell
31/07/2014;;;;Data;Africell
31/08/2014;;;;Data;Africell
30/09/2014;;;;Data;Africell
31/10/2014;;;;Data;Africell
30/11/2014;;;;Data;Africell
31/12/2014;;;;Data;Africell
31/01/2015;;;;Data;Africell
28/02/2015;;;;Data;Africell
31/03/2015;;;;Data;Africell
30/04/2015;;;;Data;Africell
31/05/2015;;;;Data;Africell
30/06/2015;;;;Data;Africell
31/07/2015;;;;Data;Africell
31/08/2015;;;;Data;Africell
30/09/2015;;;;Data;Africell
31/10/2015;;;;Data;Africell
30/11/2015;;;;Data;Africell
31/12/2015;;;;Data;Africell
31/01/2016;;;;Data;Africell
29/02/2016;;;;Data;Africell
31/03/2016;;;;Data;Africell
30/04/2016;;;;Data;Africell
31/05/2016;;;;Data;Africell
30/06/2016;;;;Data;Africell
31/07/2016;;;;Data;Africell
31/08/2016;;;;Data;Africell
30/09/2016;184040,4825;;;Data;Africell
31/10/2016;187298,37;;;Data;Africell
30/11/2016;187070,8;;;Data;Africell
31/12/2016;201371,5538;;;Data;Africell
31/01/2017;207059,6144;;;Data;Africell
28/02/2017;213683,0654;;;Data;Africell
31/03/2017;250985,174;;;Data;Africell
30/04/2017;265678,182;;;Data;Africell
31/05/2017;254106,248;;;Data;Africell
30/06/2017;281558,544;;;Data;Africell
31/07/2017;283764,8048;;;Data;Africell
31/08/2017;288721,2973;;;Data;Africell
30/09/2017;279387,831;;;Data;Africell
31/10/2017;299298,012;;;Data;Africell
30/11/2017;303264,3516;;;Data;Africell
31/12/2017;290369,024;;;Data;Africell
31/01/2018;291812,576;350343719,4;1039850,265;Data;Africell
28/02/2018;296334,83;359340054,6;1009581,975;Data;Africell
31/03/2018;326029,922;426504489,9;1187078,76;Data;Africell
30/04/2018;312434,8951;484716792;1235917,865;Data;Africell
31/05/2018;308091,2268;510336888,3;1304759,058;Data;Africell
30/06/2018;348764,338;552186185,7;1304131,077;Data;Africell
31/07/2018;354415,906;589201655,5;1433749,122;Data;Africell
31/08/2018;351637,728;628619622,5;1515699,004;Data;Africell
30/09/2018;379616,5679;624465737;1464318,796;Data;Africell
31/10/2018;382000,5033;692325001,9;1642353,684;Data;Africell
30/11/2018;379166,2583;699746751,5;1647814,465;Data;Africell
31/12/2018;410153,5657;755690239,6;1754512,852;Data;Africell
31/01/2019;291634,6807;310392388,9;959361,6988;Data;Africell
28/02/2019;385460,5426;696045024,7;1713281,981;Data;Africell
31/03/2019;478513,8;795127903,4;1970680,32;Data;Africell
30/04/2019;442691,029;740358338,7;2011139,156;Data;Africell
31/05/2019;454056,84;805622212,5;2071787,38;Data;Africell
30/06/2019;479197,3612;882547275,8;2105287,464;Data;Africell
31/07/2019;494993,0908;947748119,4;2274491,455;Data;Africell
31/08/2019;505911,1414;963375083,7;2420493,225;Data;Africell
30/09/2019;500264,8197;940752122,1;2257358,33;Data;Africell
31/10/2019;507181,5911;1902931095;2428819,889;Data;Africell
30/11/2019;507396,5525;1958564318;2374148,025;Data;Africell
31/12/2019;498330,6174;2118594002;2486913,039;Data;Africell
31/01/2020;458556,3572;1104215817;2634481,322;Data;Africell
29/02/2020;456233,3239;1135484275;2496282,73;Data;Africell
31/03/2020;506685,312;1414421437;2826092,183;Data;Africell
30/04/2020;488243;1442513081;2601732;Data;Africell
31/05/2020;478330;1431213403;2570668;Data;Africell
30/06/2020;472527;1341430930;2382569;Data;Africell
31/07/2020;486666;1344578885;2459199;Data;Africell
31/08/2020;495776;1267833526;2370419;Data;Africell
30/09/2020;483640;1243123289;2397104;Data;Africell
31/10/2020;478260;1325827554;2449157;Data;Africell
30/11/2020;470870;1348976097;2405110;Data;Africell
31/12/2020;488125;1491170460;2515124;Data;Africell
31/01/2021;499915;1603063004;2525598;Data;Africell
28/02/2021;484598;1461605681;2305329;Data;Africell
31/03/2021;734261;1723455019;2097942;Data;Africell
30/04/2021;488826;1554815531;1915670;Data;Africell
31/05/2021;580125;1698833963;2137127;Data;Africell
30/06/2021;734261;1723455019;2097942;Data;Africell
31/07/2021;488826;1554815531;1915670;Data;Africell
31/08/2021;580125;1698833963;2137127;Data;Africell
30/09/2021;537077;1794945579;2127046;Data;Africell
31/10/2021;537491;1841260544;2221948;Data;Africell
30/11/2021;542114;1787792384;2073805;Data;Africell
31/12/2021;555891;1780980736;2313552;Data;Africell
31/01/2022;540074;1969343488;1966575;Data;Africell
28/02/2022;528271;1792695296;1780084;Data;Africell
31/03/2022;577061;1988240384;2057150;Data;Africell
30/04/2022;503110;1968738304;2237034;Data;Africell
31/05/2022;486261;1814355870;2248018;Data;Africell
30/06/2022;515456;2067743744;2287146;Data;Africell
31/07/2022;623577;2517473967;2343975;Data;Africell
31/08/2022;621591;2551284736;2448498;Data;Africell
30/09/2022;628000;2163027441;2254345;Data;Africell
31/10/2022;537698;2178004992;2142610;Data;Africell
30/11/2022;527999;2250442568;2061322;Data;Africell
31/12/2022;537189;2443392051;2041858;Data;Africell
31/01/2023;532831;2697577463;1961564;Data;Africell
28/02/2023;524337;2521191723;1758240;Data;Africell
31/03/2023;593119;2776136588;2270181;Data;Africell
31/01/2013;;;;Data;Airtel
28/02/2013;;;;Data;Airtel
31/03/2013;;;;Data;Airtel
30/04/2013;;;;Data;Airtel
31/05/2013;;;;Data;Airtel
30/06/2013;;;;Data;Airtel
31/07/2013;;;;Data;Airtel
31/08/2013;;;;Data;Airtel
30/09/2013;;;;Data;Airtel
31/10/2013;;;;Data;Airtel
30/11/2013;;;;Data;Airtel
31/12/2013;;;;Data;Airtel
31/01/2014;;;;Data;Airtel
28/02/2014;;;;Data;Airtel
31/03/2014;;;;Data;Airtel
30/04/2014;;;;Data;Airtel
31/05/2014;;;;Data;Airtel
30/06/2014;;;;Data;Airtel
31/07/2014;;;;Data;Airtel
31/08/2014;;;;Data;Airtel
30/09/2014;;;;Data;Airtel
31/10/2014;;;;Data;Airtel
30/11/2014;;;;Data;Airtel
31/12/2014;;;;Data;Airtel
31/01/2015;;;;Data;Airtel
28/02/2015;;;;Data;Airtel
31/03/2015;;;;Data;Airtel
30/04/2015;;;;Data;Airtel
31/05/2015;;;;Data;Airtel
30/06/2015;;;;Data;Airtel
31/07/2015;;;;Data;Airtel
31/08/2015;;;;Data;Airtel
30/09/2015;;;;Data;Airtel
31/10/2015;;;;Data;Airtel
30/11/2015;;;;Data;Airtel
31/12/2015;;;;Data;Airtel
31/01/2016;;;;Data;Airtel
29/02/2016;;;;Data;Airtel
31/03/2016;;;;Data;Airtel
30/04/2016;;;;Data;Airtel
31/05/2016;;;;Data;Airtel
30/06/2016;;;;Data;Airtel
31/07/2016;;;;Data;Airtel
31/08/2016;;;;Data;Airtel
30/09/2016;2336788,298;;;Data;Airtel
31/10/2016;2378154,161;;;Data;Airtel
30/11/2016;2375264,672;;;Data;Airtel
31/12/2016;2009563,547;;;Data;Airtel
31/01/2017;2066326,874;;;Data;Airtel
28/02/2017;2132424,818;;;Data;Airtel
31/03/2017;2829287,416;;;Data;Airtel
30/04/2017;2994917,688;;;Data;Airtel
31/05/2017;2864470,432;;;Data;Airtel
30/06/2017;3085412,378;;;Data;Airtel
31/07/2017;3109589,319;;;Data;Airtel
31/08/2017;3163904,216;;;Data;Airtel
30/09/2017;3255475,596;;;Data;Airtel
31/10/2017;3487472,488;;;Data;Airtel
30/11/2017;3533688,967;;;Data;Airtel
31/12/2017;3735201,536;;;Data;Airtel
31/01/2018;3753770,864;674076511,4;4884300,016;Data;Airtel
28/02/2018;3811943,495;691385850,4;4742126,269;Data;Airtel
31/03/2018;4025760,776;820613137;5575849,715;Data;Airtel
30/04/2018;3857891,748;886098488,2;5440717,516;Data;Airtel
31/05/2018;3804256,887;932933937,2;5743767,979;Data;Airtel
30/06/2018;4225414,095;1009437578;5741003,505;Data;Airtel
31/07/2018;4293885,015;950839686;5951477,399;Data;Airtel
31/08/2018;4260226,32;1014451468;6291650,49;Data;Airtel
30/09/2018;4331384,798;1007748026;6078371,792;Data;Airtel
31/10/2018;4358585,248;993842485,6;6183809,004;Data;Airtel
30/11/2018;4326246,813;1004496514;6204369,999;Data;Airtel
31/12/2018;4276552,325;1084804195;6606111,996;Data;Airtel
31/01/2019;3040790,27;464411358,4;3509440,922;Data;Airtel
28/02/2019;4019085,332;1041427648;6267356,621;Data;Airtel
31/03/2019;4184124,667;1189676174;7208945,457;Data;Airtel
30/04/2019;3870890,357;1207490511;6447232,089;Data;Airtel
31/05/2019;3970273,009;1313932898;6641655,82;Data;Airtel
30/06/2019;4723948,75;1439394149;6749049,091;Data;Airtel
31/07/2019;4879663,75;1646141868;7167982,737;Data;Airtel
31/08/2019;4987294,375;1673284312;7628102,369;Data;Airtel
30/09/2019;4968428,128;1633990534;7113988,275;Data;Airtel
31/10/2019;5037122,708;2335707033;7136244,99;Data;Airtel
30/11/2019;5039257,618;2403992695;6975610,677;Data;Airtel
31/12/2019;5227386,476;2600417284;7306931,567;Data;Airtel
31/01/2020;4810162,604;3007238165;9103493,379;Data;Airtel
29/02/2020;4785794,459;3092395159;8625945,882;Data;Airtel
31/03/2020;5473256,964;3852056873;9765607,85;Data;Airtel
30/04/2020;5427220;4207344994;10536478;Data;Airtel
31/05/2020;5521649;4322947580;10226796;Data;Airtel
30/06/2020;5595989;4598335243;9902834;Data;Airtel
31/07/2020;5729556;4578696593;10077586;Data;Airtel
31/08/2020;5869214;4647261318;10064663;Data;Airtel
30/09/2020;5978579;4780236993;10377665;Data;Airtel
31/10/2020;5984759;5280803453;11019081;Data;Airtel
30/11/2020;5957557;5666943111;10970485;Data;Airtel
31/12/2020;6062834;6592810721;13747158;Data;Airtel
31/01/2021;6153778;6856715588;12328978;Data;Airtel
28/02/2021;6324830;6531504978;11897138;Data;Airtel
31/03/2021;7175760;8871546806;14751484;Data;Airtel
30/04/2021;6729417;7699562222;13441516;Data;Airtel
31/05/2021;6960389;8644768740;14569670;Data;Airtel
30/06/2021;7175760;8871546806;14751484;Data;Airtel
31/07/2021;7237374;9005513783;15043475;Data;Airtel
31/08/2021;7383843;9318964378;15571833;Data;Airtel
30/09/2021;7479326;9080110940;15621535;Data;Airtel
31/10/2021;7595421;9147043734;15783064;Data;Airtel
30/11/2021;7709659;9666965125;15301514;Data;Airtel
31/12/2021;7415886;10230702869;16705555;Data;Airtel
31/01/2022;7765465;11251279478;16451145;Data;Airtel
28/02/2022;7903084;10323454149;14967598;Data;Airtel
31/03/2022;7953359;11873191321;17622495;Data;Airtel
30/04/2022;8051037;12081775961;17332164;Data;Airtel
31/05/2022;8033398;12962940124;18005302;Data;Airtel
30/06/2022;7876600;12797093122;18297913;Data;Airtel
31/07/2022;7583453;13767616418;19523124;Data;Airtel
31/08/2022;7763205;14950490959;20118275;Data;Airtel
30/09/2022;7976175;15368922638;19950394;Data;Airtel
31/10/2022;8079015;16603874985;19720586;Data;Airtel
30/11/2022;8247986;16364076188;19862447;Data;Airtel
31/12/2022;8000188;18394141617;21029157;Data;Airtel
31/01/2023;8238022;18900568929;20631307;Data;Airtel
28/02/2023;8726635;17825780584;19373347;Data;Airtel
31/03/2023;8963409;17595245243;22452285;Data;Airtel
31/01/2013;;;;Data;Orange
28/02/2013;;;;Data;Orange
31/03/2013;;;;Data;Orange
30/04/2013;;;;Data;Orange
31/05/2013;;;;Data;Orange
30/06/2013;;;;Data;Orange
31/07/2013;;;;Data;Orange
31/08/2013;;;;Data;Orange
30/09/2013;;;;Data;Orange
31/10/2013;;;;Data;Orange
30/11/2013;;;;Data;Orange
31/12/2013;;;;Data;Orange
31/01/2014;;;;Data;Orange
28/02/2014;;;;Data;Orange
31/03/2014;;;;Data;Orange
30/04/2014;;;;Data;Orange
31/05/2014;;;;Data;Orange
30/06/2014;;;;Data;Orange
31/07/2014;;;;Data;Orange
31/08/2014;;;;Data;Orange
30/09/2014;;;;Data;Orange
31/10/2014;;;;Data;Orange
30/11/2014;;;;Data;Orange
31/12/2014;;;;Data;Orange
31/01/2015;;;;Data;Orange
28/02/2015;;;;Data;Orange
31/03/2015;;;;Data;Orange
30/04/2015;;;;Data;Orange
31/05/2015;;;;Data;Orange
30/06/2015;;;;Data;Orange
31/07/2015;;;;Data;Orange
31/08/2015;;;;Data;Orange
30/09/2015;;;;Data;Orange
31/10/2015;;;;Data;Orange
30/11/2015;;;;Data;Orange
31/12/2015;;;;Data;Orange
31/01/2016;;;;Data;Orange
29/02/2016;;;;Data;Orange
31/03/2016;;;;Data;Orange
30/04/2016;;;;Data;Orange
31/05/2016;;;;Data;Orange
30/06/2016;;;;Data;Orange
31/07/2016;;;;Data;Orange
31/08/2016;;;;Data;Orange
30/09/2016;2974094,197;;;Data;Orange
31/10/2016;3026741,659;;;Data;Orange
30/11/2016;3023064,128;;;Data;Orange
31/12/2016;2910545,551;;;Data;Orange
31/01/2017;2992758,55;;;Data;Orange
28/02/2017;3088491,316;;;Data;Orange
31/03/2017;2726611,663;;;Data;Orange
30/04/2017;2886231,159;;;Data;Orange
31/05/2017;2760517,876;;;Data;Orange
30/06/2017;2733464,198;;;Data;Orange
31/07/2017;2754883,313;;;Data;Orange
31/08/2017;2803002,595;;;Data;Orange
30/09/2017;2806025,607;;;Data;Orange
31/10/2017;3005993,077;;;Data;Orange
30/11/2017;3045828,923;;;Data;Orange
31/12/2017;3062073,344;;;Data;Orange
31/01/2018;3077296,256;761497178,6;4252436,58;Data;Orange
28/02/2018;3124985,48;781051357,6;4128655,313;Data;Orange
31/03/2018;3373700,932;927038070,5;4854523,108;Data;Orange
30/04/2018;3233021,958;890333282,5;4851551,283;Data;Orange
31/05/2018;3188074,434;937392564,9;5121784,916;Data;Orange
30/06/2018;3326675,224;1014261828;5119319,802;Data;Orange
31/07/2018;3380582,488;1188747968;5276848,858;Data;Orange
31/08/2018;3354082,944;1268275966;5578461,697;Data;Orange
30/09/2018;3676780,963;1259895265;5389359,162;Data;Orange
31/10/2018;3699870,599;1433811380;5760698,594;Data;Orange
30/11/2018;3672419,484;1449181891;5779852,759;Data;Orange
31/12/2018;3652637,943;1565041364;6154106,646;Data;Orange
31/01/2019;2597163,573;685869570,5;3308079,106;Data;Orange
28/02/2019;3432733,301;1538040620;5907753,384;Data;Orange
31/03/2019;4948320,563;1756982623;6795316,51;Data;Orange
30/04/2019;4577876,587;1927048653;7511211,085;Data;Orange
31/05/2019;4695410,662;2096921340;7737720,33;Data;Orange
30/06/2019;6253821,37;2297146463;7862836,585;Data;Orange
31/07/2019;6459965,392;2609791052;7867353,361;Data;Orange
31/08/2019;6602452,692;2652822645;8372366,259;Data;Orange
30/09/2019;6811993,526;2590526344;7808090,732;Data;Orange
31/10/2019;6906177,647;2858088823;8033972,927;Data;Orange
30/11/2019;6909104,728;2941646600;7853131,08;Data;Orange
31/12/2019;6893471,063;3182001625;8226131,595;Data;Orange
31/01/2020;6343268,643;3039675664;8411506,141;Data;Orange
29/02/2020;6311133,826;3125751202;7970258,64;Data;Orange
31/03/2020;7019351,372;3893606988;9023291,057;Data;Orange
30/04/2020;6738830;4027204106;7564006;Data;Orange
31/05/2020;4853197;3120443189;7760194;Data;Orange
30/06/2020;5126543;3771873853;7960715;Data;Orange
31/07/2020;7044039;4525894184;8273966;Data;Orange
31/08/2020;7190219;4301383995;8363647;Data;Orange
30/09/2020;7338206;4243014026;8441635;Data;Orange
31/10/2020;7415582;4235067971;8637882;Data;Orange
30/11/2020;7417151;4414366281;8286953;Data;Orange
31/12/2020;7476857;4921215910;8881087;Data;Orange
31/01/2021;7573045;5274830086;9136976;Data;Orange
28/02/2021;13310783;4926668598;8797981;Data;Orange
31/03/2021;7663257;6314598284;8822174;Data;Orange
30/04/2021;7708051;5398085975;8820424;Data;Orange
31/05/2021;7739675;6097081318;8800319;Data;Orange
30/06/2021;7663257;6314598284;8822174;Data;Orange
31/07/2021;7722828;7382153148;10676703;Data;Orange
31/08/2021;7832961;8145816312;11293205;Data;Orange
30/09/2021;7914474;8555569710;11810048;Data;Orange
31/10/2021;7992441;9487606789;13178740;Data;Orange
30/11/2021;7899865;9304643982;13271515;Data;Orange
31/12/2021;7845679;9931419061;13746564;Data;Orange
31/01/2022;6717178;10839203616;13310626;Data;Orange
28/02/2022;7778358;10160807961;12283098;Data;Orange
31/03/2022;7744421;11577191930;13520790;Data;Orange
30/04/2022;7755591;11918993712;14084614;Data;Orange
31/05/2022;8080042;13126006805;15308654;Data;Orange
30/06/2022;8090987;13750756505;15841402;Data;Orange
31/07/2022;7873382;15135961674;16770946;Data;Orange
31/08/2022;7266056;15861911492;17203742;Data;Orange
30/09/2022;7298414;15498992960;16815742;Data;Orange
31/10/2022;7690548;15618747359;17670666;Data;Orange
30/11/2022;7712742;15822068101;17652633;Data;Orange
31/12/2022;7834303;16576124751;18163771;Data;Orange
31/01/2023;7467294;17039267540;17891343;Data;Orange
28/02/2023;7397252;15596353343;16227563;Data;Orange
31/03/2023;8271663;16188768328;19871766;Data;Orange
31/01/2013;;;;Data;Vodacom
28/02/2013;;;;Data;Vodacom
31/03/2013;;;;Data;Vodacom
30/04/2013;;;;Data;Vodacom
31/05/2013;;;;Data;Vodacom
30/06/2013;;;;Data;Vodacom
31/07/2013;;;;Data;Vodacom
31/08/2013;;;;Data;Vodacom
30/09/2013;;;;Data;Vodacom
31/10/2013;;;;Data;Vodacom
30/11/2013;;;;Data;Vodacom
31/12/2013;;;;Data;Vodacom
31/01/2014;;;;Data;Vodacom
28/02/2014;;;;Data;Vodacom
31/03/2014;;;;Data;Vodacom
30/04/2014;;;;Data;Vodacom
31/05/2014;;;;Data;Vodacom
30/06/2014;;;;Data;Vodacom
31/07/2014;;;;Data;Vodacom
31/08/2014;;;;Data;Vodacom
30/09/2014;;;;Data;Vodacom
31/10/2014;;;;Data;Vodacom
30/11/2014;;;;Data;Vodacom
31/12/2014;;;;Data;Vodacom
31/01/2015;;;;Data;Vodacom
28/02/2015;;;;Data;Vodacom
31/03/2015;;;;Data;Vodacom
30/04/2015;;;;Data;Vodacom
31/05/2015;;;;Data;Vodacom
30/06/2015;;;;Data;Vodacom
31/07/2015;;;;Data;Vodacom
31/08/2015;;;;Data;Vodacom
30/09/2015;;;;Data;Vodacom
31/10/2015;;;;Data;Vodacom
30/11/2015;;;;Data;Vodacom
31/12/2015;;;;Data;Vodacom
31/01/2016;;;;Data;Vodacom
29/02/2016;;;;Data;Vodacom
31/03/2016;;;;Data;Vodacom
30/04/2016;;;;Data;Vodacom
31/05/2016;;;;Data;Vodacom
30/06/2016;;;;Data;Vodacom
31/07/2016;;;;Data;Vodacom
31/08/2016;;;;Data;Vodacom
30/09/2016;5021676,023;;;Data;Vodacom
31/10/2016;5110569,81;;;Data;Vodacom
30/11/2016;5104360,4;;;Data;Vodacom
31/12/2016;5258496,348;;;Data;Vodacom
31/01/2017;5407030,962;;;Data;Vodacom
28/02/2017;5579991,801;;;Data;Vodacom
31/03/2017;5601532,747;;;Data;Vodacom
30/04/2017;5929453,971;;;Data;Vodacom
31/05/2017;5671189,444;;;Data;Vodacom
30/06/2017;5619439,274;;;Data;Vodacom
31/07/2017;5663472,563;;;Data;Vodacom
31/08/2017;5762395,892;;;Data;Vodacom
30/09/2017;5818555,263;;;Data;Vodacom
31/10/2017;6233206,424;;;Data;Vodacom
30/11/2017;6315809,758;;;Data;Vodacom
31/12/2017;6110948,096;;;Data;Vodacom
31/01/2018;6141328,304;618128397,6;6839169,139;Data;Vodacom
28/02/2018;6236501,195;634001067,5;6640092,444;Data;Vodacom
31/03/2018;6463897,584;752502534,7;7807501,417;Data;Vodacom
30/04/2018;6194361,399;816030693,3;7461854,336;Data;Vodacom
31/05/2018;6108243,453;859162652,6;7877483,048;Data;Vodacom
30/06/2018;5513159,343;929616806;7873691,616;Data;Vodacom
31/07/2018;5602497,591;1072085238;5997404,62;Data;Vodacom
31/08/2018;5558581,008;1143808425;6340202,809;Data;Vodacom
30/09/2018;5026230,671;1136250199;6125278,25;Data;Vodacom
31/10/2018;5057794,65;1286979749;6357062,718;Data;Vodacom
30/11/2018;5020268,445;1300776219;6378199,777;Data;Vodacom
31/12/2018;5020707,166;1404770927;6791197,505;Data;Vodacom
31/01/2019;3569912,476;605260569,2;3304365,273;Data;Vodacom
28/02/2019;4718438,824;1357277507;5901121,014;Data;Vodacom
31/03/2019;4749408,97;1550487656;6787687,713;Data;Vodacom
30/04/2019;4393856,026;1728943087;7737186,67;Data;Vodacom
31/05/2019;4506665,489;1881352424;7970510,47;Data;Vodacom
30/06/2019;5659668,518;2060993889;8099390,86;Data;Vodacom
31/07/2019;5846227,546;2183761686;9363246,448;Data;Vodacom
31/08/2019;5975177,645;2219768685;9964282,146;Data;Vodacom
30/09/2019;6014584,526;2167641801;9292715,663;Data;Vodacom
31/10/2019;6097743,494;2106830295;7355869,194;Data;Vodacom
30/11/2019;6100327,933;2168424621;7190291,219;Data;Vodacom
31/12/2019;6330832,844;2345601497;7531808,8;Data;Vodacom
31/01/2020;5825537,395;2237220882;7850842,158;Data;Vodacom
29/02/2020;5796025,391;2300573032;7439005,748;Data;Vodacom
31/03/2020;6593946,352;2865719840;8421848,911;Data;Vodacom
30/04/2020;6440053;2966235814;7818230;Data;Vodacom
31/05/2020;6596732;3341091894;7849150;Data;Vodacom
30/06/2020;6531006;3667756655;7442698;Data;Vodacom
31/07/2020;6578188;4011504770;7635953;Data;Vodacom
31/08/2020;6819408;4131477592;7846929;Data;Vodacom
30/09/2020;6912176;4281096393;8148248;Data;Vodacom
31/10/2020;6986219;4549257166;8592982;Data;Vodacom
30/11/2020;6871574;4435751655;8254841;Data;Vodacom
31/12/2020;6850360;4998957828;8972964;Data;Vodacom
31/01/2021;6911178;5363468431;9069196;Data;Vodacom
28/02/2021;6701938;4918812356;8349857;Data;Vodacom
31/03/2021;7206050;5958542629;8983186;Data;Vodacom
30/04/2021;7120331;5443812744;9024309;Data;Vodacom
31/05/2021;7140120;5581166892;9015013;Data;Vodacom
30/06/2021;7208050;5958542629;8983186;Data;Vodacom
31/07/2021;7315169;6450911411;9398911;Data;Vodacom
31/08/2021;7458281;6992553307;9677573;Data;Vodacom
30/09/2021;7350307;7357754703;10065846;Data;Vodacom
31/10/2021;7303501;7784938913;10548074;Data;Vodacom
30/11/2021;7156030;7915018853;10678796;Data;Vodacom
31/12/2021;7309605;8654346191;11554751;Data;Vodacom
31/01/2022;7259215;9132202008;11707781;Data;Vodacom
28/02/2022;6891367;8108471023;10777132;Data;Vodacom
31/03/2022;7326004;9421813369;12407870;Data;Vodacom
30/04/2022;7343136;9509777314;12225067;Data;Vodacom
31/05/2022;7394108;9509777314;12931717;Data;Vodacom
30/06/2022;6150009;10651664685;13427530;Data;Vodacom
31/07/2022;6654834;11560364225;14497956;Data;Vodacom
31/08/2022;6666189;11609783577;14729208;Data;Vodacom
30/09/2022;6713137;11384608950;13914501;Data;Vodacom
31/10/2022;9856879;12040810655;13953450;Data;Vodacom
30/11/2022;9611283;11507690998;12955377;Data;Vodacom
31/12/2022;9563420;12315664832;13350256;Data;Vodacom
31/01/2023;9711262;13585751817;14537824;Data;Vodacom
28/02/2023;9809470;13179927170;13388034;Data;Vodacom
31/03/2023;10360280;12315664832;17425458;Data;Vodacom
31/01/2013;;;;Data;Tigo
28/02/2013;;;;Data;Tigo
31/03/2013;;;;Data;Tigo
30/04/2013;;;;Data;Tigo
31/05/2013;;;;Data;Tigo
30/06/2013;;;;Data;Tigo
31/07/2013;;;;Data;Tigo
31/08/2013;;;;Data;Tigo
30/09/2013;;;;Data;Tigo
31/10/2013;;;;Data;Tigo
30/11/2013;;;;Data;Tigo
31/12/2013;;;;Data;Tigo
31/01/2014;;;;Data;Tigo
28/02/2014;;;;Data;Tigo
31/03/2014;;;;Data;Tigo
30/04/2014;;;;Data;Tigo
31/05/2014;;;;Data;Tigo
30/06/2014;;;;Data;Tigo
31/07/2014;;;;Data;Tigo
31/08/2014;;;;Data;Tigo
30/09/2014;;;;Data;Tigo
31/10/2014;;;;Data;Tigo
30/11/2014;;;;Data;Tigo
31/12/2014;;;;Data;Tigo
31/01/2015;;;;Data;Tigo
28/02/2015;;;;Data;Tigo
31/03/2015;;;;Data;Tigo
30/04/2015;;;;Data;Tigo
31/05/2015;;;;Data;Tigo
30/06/2015;;;;Data;Tigo
31/07/2015;;;;Data;Tigo
31/08/2015;;;;Data;Tigo
30/09/2015;;;;Data;Tigo
31/10/2015;;;;Data;Tigo
30/11/2015;;;;Data;Tigo
31/12/2015;;;;Data;Tigo
31/01/2016;;;;Data;Tigo
29/02/2016;;;;Data;Tigo
31/03/2016;;;;Data;Tigo
30/04/2016;;;;Data;Tigo
31/05/2016;;;;Data;Tigo
30/06/2016;;;;Data;Tigo
31/07/2016;;;;Data;Tigo
31/08/2016;;;;Data;Tigo
30/09/2016;;;;Data;Tigo
31/10/2016;;;;Data;Tigo
30/11/2016;;;;Data;Tigo
31/12/2016;;;;Data;Tigo
31/01/2017;;;;Data;Tigo
28/02/2017;;;;Data;Tigo
31/03/2017;;;;Data;Tigo
30/04/2017;;;;Data;Tigo
31/05/2017;;;;Data;Tigo
30/06/2017;;;;Data;Tigo
31/07/2017;;;;Data;Tigo
31/08/2017;;;;Data;Tigo
30/09/2017;;;;Data;Tigo
31/10/2017;;;;Data;Tigo
30/11/2017;;;;Data;Tigo
31/12/2017;;;;Data;Tigo
31/01/2018;;0;0;Data;Tigo
28/02/2018;;0;0;Data;Tigo
31/03/2018;;0;0;Data;Tigo
30/04/2018;;0;0;Data;Tigo
31/05/2018;;0;0;Data;Tigo
30/06/2018;;0;0;Data;Tigo
31/07/2018;;0;0;Data;Tigo
31/08/2018;;0;0;Data;Tigo
30/09/2018;;0;0;Data;Tigo
31/10/2018;;0;0;Data;Tigo
30/11/2018;;0;0;Data;Tigo
31/12/2018;;0;0;Data;Tigo
31/01/2019;;0;0;Data;Tigo
28/02/2019;;0;0;Data;Tigo
31/03/2019;;0;0;Data;Tigo
30/04/2019;;0;0;Data;Tigo
31/05/2019;;0;0;Data;Tigo
30/06/2019;;0;0;Data;Tigo
31/07/2019;;0;0;Data;Tigo
31/08/2019;;0;0;Data;Tigo
30/09/2019;;0;0;Data;Tigo
31/10/2019;;0;0;Data;Tigo
30/11/2019;;0;0;Data;Tigo
31/12/2019;;0;0;Data;Tigo
31/01/2020;;0;0;Data;Tigo
29/02/2020;;0;0;Data;Tigo
31/03/2020;;0;0;Data;Tigo
30/04/2020;;;;Data;Tigo
31/05/2020;;;;Data;Tigo
30/06/2020;;;;Data;Tigo
31/07/2020;;;;Data;Tigo
31/08/2020;;;;Data;Tigo
30/09/2020;;;;Data;Tigo
31/10/2020;;;;Data;Tigo
30/11/2020;;;;Data;Tigo
31/12/2020;;;;Data;Tigo
31/01/2021;;;;Data;Tigo
28/02/2021;;;;Data;Tigo
31/03/2021;;;;Data;Tigo
30/04/2021;;;;Data;Tigo
31/05/2021;;;;Data;Tigo
30/06/2021;;;;Data;Tigo
31/07/2021;;;;Data;Tigo
31/08/2021;;;;Data;Tigo
30/09/2021;;;;Data;Tigo
31/10/2021;;;;Data;Tigo
30/11/2021;;;;Data;Tigo
31/12/2021;;;;Data;Tigo
31/01/2022;;;;Data;Tigo
28/02/2022;;;;Data;Tigo
31/03/2022;;;;Data;Tigo
30/04/2022;;;;Data;Tigo
31/05/2022;;;;Data;Tigo
30/06/2022;;;;Data;Tigo
31/07/2022;;;;Data;Tigo
31/08/2022;;;;Data;Tigo
30/09/2022;;;;Data;Tigo
31/10/2022;;;;Data;Tigo
30/11/2022;;;;Data;Tigo
31/12/2022;;;;Data;Tigo
31/01/2023;;;;Data;Tigo
28/02/2023;;;;Data;Tigo
31/03/2023;;;;Data;Tigo